period,ncm,descricao_ncm,int_rs,ouf,ext,demanda_rs,part_rs,dependencia_nt,source_file,natureza,formula_part_rs
2024-07,10062010,"Arroz descascado (cargo/castanho), parboilizado",2896566,490641,0,3387207,0.8551487995862077,FORA_DAS_FAIXAS_NT,Composicao_de_Mercado_07_2024.csv,DADO_CALCULADO_SOBRE_DADO_OBSERVADO,INT/(INT+OUF+EXT) — NT CIET 05/2026
2024-07,10062020,"Arroz descascado (cargo/castanho), não parboilizado",3573345,89425,22543383,26206153,0.13635519108813873,ALTA,Composicao_de_Mercado_07_2024.csv,DADO_CALCULADO_SOBRE_DADO_OBSERVADO,INT/(INT+OUF+EXT) — NT CIET 05/2026
2024-07,10063011,"Arroz semibranqueado ou branqueado, parboilizado, polido ou brunido",34978911,3013866,0,37992777,0.9206726583845135,FORA_DAS_FAIXAS_NT,Composicao_de_Mercado_07_2024.csv,DADO_CALCULADO_SOBRE_DADO_OBSERVADO,INT/(INT+OUF+EXT) — NT CIET 05/2026
2024-07,10063019,"Outros tipos de arroz semibranqueado ou branqueado, parboilizado",1272779,3155,0,1275934,0.9975273015688899,FORA_DAS_FAIXAS_NT,Composicao_de_Mercado_07_2024.csv,DADO_CALCULADO_SOBRE_DADO_OBSERVADO,INT/(INT+OUF+EXT) — NT CIET 05/2026
2024-07,10063021,"Arroz semibranqueado ou branqueado, não parboilizado, polido ou brunido",128371113,2997377,260902867,392271357,0.327250793893677,FORA_DAS_FAIXAS_NT,Composicao_de_Mercado_07_2024.csv,DADO_CALCULADO_SOBRE_DADO_OBSERVADO,INT/(INT+OUF+EXT) — NT CIET 05/2026
2024-07,10063029,"Outros tipos de arroz semibranqueado ou branqueado, não parboilizado",58469,70170,0,128639,0.4545200133707507,FORA_DAS_FAIXAS_NT,Composicao_de_Mercado_07_2024.csv,DADO_CALCULADO_SOBRE_DADO_OBSERVADO,INT/(INT+OUF+EXT) — NT CIET 05/2026
2024-07,10064000,Arroz quebrado,53832550,17796037,0,71628587,0.7515511928219385,FORA_DAS_FAIXAS_NT,Composicao_de_Mercado_07_2024.csv,DADO_CALCULADO_SOBRE_DADO_OBSERVADO,INT/(INT+OUF+EXT) — NT CIET 05/2026
2024-08,10062010,"Arroz descascado (cargo/castanho), parboilizado",4775656,347384,0,5123040,0.9321918236047347,FORA_DAS_FAIXAS_NT,Composicao_de_Mercado_08_2024.csv,DADO_CALCULADO_SOBRE_DADO_OBSERVADO,INT/(INT+OUF+EXT) — NT CIET 05/2026
2024-08,10062020,"Arroz descascado (cargo/castanho), não parboilizado",2979396,79262,13890570,16949228,0.17578358141149555,MEDIA,Composicao_de_Mercado_08_2024.csv,DADO_CALCULADO_SOBRE_DADO_OBSERVADO,INT/(INT+OUF+EXT) — NT CIET 05/2026
2024-08,10063011,"Arroz semibranqueado ou branqueado, parboilizado, polido ou brunido",38998975,2693739,0,41692714,0.9353906536283534,FORA_DAS_FAIXAS_NT,Composicao_de_Mercado_08_2024.csv,DADO_CALCULADO_SOBRE_DADO_OBSERVADO,INT/(INT+OUF+EXT) — NT CIET 05/2026
2024-08,10063019,"Outros tipos de arroz semibranqueado ou branqueado, parboilizado",1552475,5684,0,1558159,0.9963521052729535,FORA_DAS_FAIXAS_NT,Composicao_de_Mercado_08_2024.csv,DADO_CALCULADO_SOBRE_DADO_OBSERVADO,INT/(INT+OUF+EXT) — NT CIET 05/2026
2024-08,10063021,"Arroz semibranqueado ou branqueado, não parboilizado, polido ou brunido",105590824,3931040,150127582,259649446,0.40666685651237633,FORA_DAS_FAIXAS_NT,Composicao_de_Mercado_08_2024.csv,DADO_CALCULADO_SOBRE_DADO_OBSERVADO,INT/(INT+OUF+EXT) — NT CIET 05/2026
2024-08,10063029,"Outros tipos de arroz semibranqueado ou branqueado, não parboilizado",188236,980795,0,1169031,0.16101882670348347,MEDIA,Composicao_de_Mercado_08_2024.csv,DADO_CALCULADO_SOBRE_DADO_OBSERVADO,INT/(INT+OUF+EXT) — NT CIET 05/2026
2024-08,10064000,Arroz quebrado,47433617,15637739,0,63071356,0.752062743030291,FORA_DAS_FAIXAS_NT,Composicao_de_Mercado_08_2024.csv,DADO_CALCULADO_SOBRE_DADO_OBSERVADO,INT/(INT+OUF+EXT) — NT CIET 05/2026
2024-09,10062010,"Arroz descascado (cargo/castanho), parboilizado",2949546,476466,0,3426012,0.8609269319547042,FORA_DAS_FAIXAS_NT,Composicao_de_Mercado_09_2024.csv,DADO_CALCULADO_SOBRE_DADO_OBSERVADO,INT/(INT+OUF+EXT) — NT CIET 05/2026
2024-09,10062020,"Arroz descascado (cargo/castanho), não parboilizado",3214511,77779,21041230,24333520,0.13210217839424793,ALTA,Composicao_de_Mercado_09_2024.csv,DADO_CALCULADO_SOBRE_DADO_OBSERVADO,INT/(INT+OUF+EXT) — NT CIET 05/2026
2024-09,10063011,"Arroz semibranqueado ou branqueado, parboilizado, polido ou brunido",32571025,1954484,0,34525509,0.9433901466883515,FORA_DAS_FAIXAS_NT,Composicao_de_Mercado_09_2024.csv,DADO_CALCULADO_SOBRE_DADO_OBSERVADO,INT/(INT+OUF+EXT) — NT CIET 05/2026
2024-09,10063019,"Outros tipos de arroz semibranqueado ou branqueado, parboilizado",1076238,7579,0,1083817,0.9930071220510474,FORA_DAS_FAIXAS_NT,Composicao_de_Mercado_09_2024.csv,DADO_CALCULADO_SOBRE_DADO_OBSERVADO,INT/(INT+OUF+EXT) — NT CIET 05/2026
2024-09,10063021,"Arroz semibranqueado ou branqueado, não parboilizado, polido ou brunido",90488182,3282072,78501059,172271313,0.525265526942376,FORA_DAS_FAIXAS_NT,Composicao_de_Mercado_09_2024.csv,DADO_CALCULADO_SOBRE_DADO_OBSERVADO,INT/(INT+OUF+EXT) — NT CIET 05/2026
2024-09,10063029,"Outros tipos de arroz semibranqueado ou branqueado, não parboilizado",73790,44345,0,118135,0.6246243704236678,FORA_DAS_FAIXAS_NT,Composicao_de_Mercado_09_2024.csv,DADO_CALCULADO_SOBRE_DADO_OBSERVADO,INT/(INT+OUF+EXT) — NT CIET 05/2026
2024-09,10064000,Arroz quebrado,44001640,14649726,0,58651366,0.7502236179801848,FORA_DAS_FAIXAS_NT,Composicao_de_Mercado_09_2024.csv,DADO_CALCULADO_SOBRE_DADO_OBSERVADO,INT/(INT+OUF+EXT) — NT CIET 05/2026
2024-10,10062010,"Arroz descascado (cargo/castanho), parboilizado",4674422,439738,0,5114160,0.9140155959140895,FORA_DAS_FAIXAS_NT,Composicao_de_Mercado_10_2024.csv,DADO_CALCULADO_SOBRE_DADO_OBSERVADO,INT/(INT+OUF+EXT) — NT CIET 05/2026
2024-10,10062020,"Arroz descascado (cargo/castanho), não parboilizado",3120975,89073,33271248,36481296,0.08555000348671823,ALTA,Composicao_de_Mercado_10_2024.csv,DADO_CALCULADO_SOBRE_DADO_OBSERVADO,INT/(INT+OUF+EXT) — NT CIET 05/2026
2024-10,10063011,"Arroz semibranqueado ou branqueado, parboilizado, polido ou brunido",41139866,3141204,0,44281070,0.9290621477755618,FORA_DAS_FAIXAS_NT,Composicao_de_Mercado_10_2024.csv,DADO_CALCULADO_SOBRE_DADO_OBSERVADO,INT/(INT+OUF+EXT) — NT CIET 05/2026
2024-10,10063019,"Outros tipos de arroz semibranqueado ou branqueado, parboilizado",1692663,14806,0,1707469,0.9913286859087925,FORA_DAS_FAIXAS_NT,Composicao_de_Mercado_10_2024.csv,DADO_CALCULADO_SOBRE_DADO_OBSERVADO,INT/(INT+OUF+EXT) — NT CIET 05/2026
2024-10,10063021,"Arroz semibranqueado ou branqueado, não parboilizado, polido ou brunido",157046708,2420260,93766472,253233440,0.6201657569395258,FORA_DAS_FAIXAS_NT,Composicao_de_Mercado_10_2024.csv,DADO_CALCULADO_SOBRE_DADO_OBSERVADO,INT/(INT+OUF+EXT) — NT CIET 05/2026
2024-10,10063029,"Outros tipos de arroz semibranqueado ou branqueado, não parboilizado",140767,69678,0,210445,0.668901613248117,FORA_DAS_FAIXAS_NT,Composicao_de_Mercado_10_2024.csv,DADO_CALCULADO_SOBRE_DADO_OBSERVADO,INT/(INT+OUF+EXT) — NT CIET 05/2026
2024-10,10064000,Arroz quebrado,51711368,3842013,0,55553381,0.9308410589807307,FORA_DAS_FAIXAS_NT,Composicao_de_Mercado_10_2024.csv,DADO_CALCULADO_SOBRE_DADO_OBSERVADO,INT/(INT+OUF+EXT) — NT CIET 05/2026
2024-11,10062010,"Arroz descascado (cargo/castanho), parboilizado",2690297,650338,0,3340635,0.805325035509716,FORA_DAS_FAIXAS_NT,Composicao_de_Mercado_11_2024.csv,DADO_CALCULADO_SOBRE_DADO_OBSERVADO,INT/(INT+OUF+EXT) — NT CIET 05/2026
2024-11,10062020,"Arroz descascado (cargo/castanho), não parboilizado",2964912,67803,25579435,28612150,0.1036242295668099,ALTA,Composicao_de_Mercado_11_2024.csv,DADO_CALCULADO_SOBRE_DADO_OBSERVADO,INT/(INT+OUF+EXT) — NT CIET 05/2026
2024-11,10063011,"Arroz semibranqueado ou branqueado, parboilizado, polido ou brunido",33607706,3042799,0,36650505,0.916977978884602,FORA_DAS_FAIXAS_NT,Composicao_de_Mercado_11_2024.csv,DADO_CALCULADO_SOBRE_DADO_OBSERVADO,INT/(INT+OUF+EXT) — NT CIET 05/2026
2024-11,10063019,"Outros tipos de arroz semibranqueado ou branqueado, parboilizado",1431571,16673,0,1448244,0.9884874371998089,FORA_DAS_FAIXAS_NT,Composicao_de_Mercado_11_2024.csv,DADO_CALCULADO_SOBRE_DADO_OBSERVADO,INT/(INT+OUF+EXT) — NT CIET 05/2026
2024-11,10063021,"Arroz semibranqueado ou branqueado, não parboilizado, polido ou brunido",97900445,2889472,63900032,164689949,0.594453065256581,FORA_DAS_FAIXAS_NT,Composicao_de_Mercado_11_2024.csv,DADO_CALCULADO_SOBRE_DADO_OBSERVADO,INT/(INT+OUF+EXT) — NT CIET 05/2026
2024-11,10063029,"Outros tipos de arroz semibranqueado ou branqueado, não parboilizado",104744,113503,0,218247,0.4799332865972957,FORA_DAS_FAIXAS_NT,Composicao_de_Mercado_11_2024.csv,DADO_CALCULADO_SOBRE_DADO_OBSERVADO,INT/(INT+OUF+EXT) — NT CIET 05/2026
2024-11,10064000,Arroz quebrado,37965386,2291578,0,40256964,0.943076233965383,FORA_DAS_FAIXAS_NT,Composicao_de_Mercado_11_2024.csv,DADO_CALCULADO_SOBRE_DADO_OBSERVADO,INT/(INT+OUF+EXT) — NT CIET 05/2026
2024-12,10062010,"Arroz descascado (cargo/castanho), parboilizado",2159993,1093095,0,3253088,0.6639823453899802,FORA_DAS_FAIXAS_NT,Composicao_de_Mercado_12_2024.csv,DADO_CALCULADO_SOBRE_DADO_OBSERVADO,INT/(INT+OUF+EXT) — NT CIET 05/2026
2024-12,10062020,"Arroz descascado (cargo/castanho), não parboilizado",4111545,70579,18421391,22603515,0.1818984790639863,MEDIA,Composicao_de_Mercado_12_2024.csv,DADO_CALCULADO_SOBRE_DADO_OBSERVADO,INT/(INT+OUF+EXT) — NT CIET 05/2026
2024-12,10063011,"Arroz semibranqueado ou branqueado, parboilizado, polido ou brunido",30830885,2244460,0,33075345,0.9321409950523569,FORA_DAS_FAIXAS_NT,Composicao_de_Mercado_12_2024.csv,DADO_CALCULADO_SOBRE_DADO_OBSERVADO,INT/(INT+OUF+EXT) — NT CIET 05/2026
2024-12,10063019,"Outros tipos de arroz semibranqueado ou branqueado, parboilizado",681587,21182,0,702769,0.9698592282812702,FORA_DAS_FAIXAS_NT,Composicao_de_Mercado_12_2024.csv,DADO_CALCULADO_SOBRE_DADO_OBSERVADO,INT/(INT+OUF+EXT) — NT CIET 05/2026
2024-12,10063021,"Arroz semibranqueado ou branqueado, não parboilizado, polido ou brunido",89003044,3202630,16499479,108705153,0.8187564392646594,FORA_DAS_FAIXAS_NT,Composicao_de_Mercado_12_2024.csv,DADO_CALCULADO_SOBRE_DADO_OBSERVADO,INT/(INT+OUF+EXT) — NT CIET 05/2026
2024-12,10063029,"Outros tipos de arroz semibranqueado ou branqueado, não parboilizado",87200,161626,0,248826,0.35044569297420686,FORA_DAS_FAIXAS_NT,Composicao_de_Mercado_12_2024.csv,DADO_CALCULADO_SOBRE_DADO_OBSERVADO,INT/(INT+OUF+EXT) — NT CIET 05/2026
2024-12,10064000,Arroz quebrado,42400377,2843088,0,45243465,0.9371602506571943,FORA_DAS_FAIXAS_NT,Composicao_de_Mercado_12_2024.csv,DADO_CALCULADO_SOBRE_DADO_OBSERVADO,INT/(INT+OUF+EXT) — NT CIET 05/2026
2025-01,10062010,"Arroz descascado (cargo/castanho), parboilizado",2430720,983388,0,3414108,0.7119634176774724,FORA_DAS_FAIXAS_NT,Composicao_de_Mercado_01_2025.csv,DADO_CALCULADO_SOBRE_DADO_OBSERVADO,INT/(INT+OUF+EXT) — NT CIET 05/2026
2025-01,10062020,"Arroz descascado (cargo/castanho), não parboilizado",8070150,41948,25599064,33711162,0.23939103612032123,MEDIA,Composicao_de_Mercado_01_2025.csv,DADO_CALCULADO_SOBRE_DADO_OBSERVADO,INT/(INT+OUF+EXT) — NT CIET 05/2026
2025-01,10063011,"Arroz semibranqueado ou branqueado, parboilizado, polido ou brunido",30006389,2781429,0,32787818,0.9151688288619877,FORA_DAS_FAIXAS_NT,Composicao_de_Mercado_01_2025.csv,DADO_CALCULADO_SOBRE_DADO_OBSERVADO,INT/(INT+OUF+EXT) — NT CIET 05/2026
2025-01,10063019,"Outros tipos de arroz semibranqueado ou branqueado, parboilizado",1280751,26171,0,1306922,0.9799750865009541,FORA_DAS_FAIXAS_NT,Composicao_de_Mercado_01_2025.csv,DADO_CALCULADO_SOBRE_DADO_OBSERVADO,INT/(INT+OUF+EXT) — NT CIET 05/2026
2025-01,10063021,"Arroz semibranqueado ou branqueado, não parboilizado, polido ou brunido",95519760,3413435,45607407,144540602,0.6608507137669178,FORA_DAS_FAIXAS_NT,Composicao_de_Mercado_01_2025.csv,DADO_CALCULADO_SOBRE_DADO_OBSERVADO,INT/(INT+OUF+EXT) — NT CIET 05/2026
2025-01,10063029,"Outros tipos de arroz semibranqueado ou branqueado, não parboilizado",84690,171767,0,256457,0.3302307989253559,FORA_DAS_FAIXAS_NT,Composicao_de_Mercado_01_2025.csv,DADO_CALCULADO_SOBRE_DADO_OBSERVADO,INT/(INT+OUF+EXT) — NT CIET 05/2026
2025-01,10064000,Arroz quebrado,46708038,2177157,0,48885195,0.9554638781741589,FORA_DAS_FAIXAS_NT,Composicao_de_Mercado_01_2025.csv,DADO_CALCULADO_SOBRE_DADO_OBSERVADO,INT/(INT+OUF+EXT) — NT CIET 05/2026
2025-02,10062010,"Arroz descascado (cargo/castanho), parboilizado",2199915,1386996,0,3586911,0.6133174199192565,FORA_DAS_FAIXAS_NT,Composicao_de_Mercado_02_2025.csv,DADO_CALCULADO_SOBRE_DADO_OBSERVADO,INT/(INT+OUF+EXT) — NT CIET 05/2026
2025-02,10062020,"Arroz descascado (cargo/castanho), não parboilizado",2512549,58052,24347370,26917971,0.09334095054935604,ALTA,Composicao_de_Mercado_02_2025.csv,DADO_CALCULADO_SOBRE_DADO_OBSERVADO,INT/(INT+OUF+EXT) — NT CIET 05/2026
2025-02,10063011,"Arroz semibranqueado ou branqueado, parboilizado, polido ou brunido",29878812,3337639,0,33216451,0.8995184946158156,FORA_DAS_FAIXAS_NT,Composicao_de_Mercado_02_2025.csv,DADO_CALCULADO_SOBRE_DADO_OBSERVADO,INT/(INT+OUF+EXT) — NT CIET 05/2026
2025-02,10063019,"Outros tipos de arroz semibranqueado ou branqueado, parboilizado",967585,4551,0,972136,0.9953185562513887,FORA_DAS_FAIXAS_NT,Composicao_de_Mercado_02_2025.csv,DADO_CALCULADO_SOBRE_DADO_OBSERVADO,INT/(INT+OUF+EXT) — NT CIET 05/2026
2025-02,10063021,"Arroz semibranqueado ou branqueado, não parboilizado, polido ou brunido",88224493,2813157,61613313,152650963,0.577949141401748,FORA_DAS_FAIXAS_NT,Composicao_de_Mercado_02_2025.csv,DADO_CALCULADO_SOBRE_DADO_OBSERVADO,INT/(INT+OUF+EXT) — NT CIET 05/2026
2025-02,10063029,"Outros tipos de arroz semibranqueado ou branqueado, não parboilizado",74232,37338,0,111570,0.6653401452003227,FORA_DAS_FAIXAS_NT,Composicao_de_Mercado_02_2025.csv,DADO_CALCULADO_SOBRE_DADO_OBSERVADO,INT/(INT+OUF+EXT) — NT CIET 05/2026
2025-02,10064000,Arroz quebrado,38492536,1760236,0,40252772,0.9562704402071986,FORA_DAS_FAIXAS_NT,Composicao_de_Mercado_02_2025.csv,DADO_CALCULADO_SOBRE_DADO_OBSERVADO,INT/(INT+OUF+EXT) — NT CIET 05/2026
2025-03,10062010,"Arroz descascado (cargo/castanho), parboilizado",2238481,1026349,0,3264830,0.6856347803714129,FORA_DAS_FAIXAS_NT,Composicao_de_Mercado_03_2025.csv,DADO_CALCULADO_SOBRE_DADO_OBSERVADO,INT/(INT+OUF+EXT) — NT CIET 05/2026
2025-03,10062020,"Arroz descascado (cargo/castanho), não parboilizado",1607616,48527,8658423,10314566,0.1558588117037595,MEDIA,Composicao_de_Mercado_03_2025.csv,DADO_CALCULADO_SOBRE_DADO_OBSERVADO,INT/(INT+OUF+EXT) — NT CIET 05/2026
2025-03,10063011,"Arroz semibranqueado ou branqueado, parboilizado, polido ou brunido",27356404,3059086,0,30415490,0.8994234187908858,FORA_DAS_FAIXAS_NT,Composicao_de_Mercado_03_2025.csv,DADO_CALCULADO_SOBRE_DADO_OBSERVADO,INT/(INT+OUF+EXT) — NT CIET 05/2026
2025-03,10063019,"Outros tipos de arroz semibranqueado ou branqueado, parboilizado",650169,6546,0,656715,0.9900322057513533,FORA_DAS_FAIXAS_NT,Composicao_de_Mercado_03_2025.csv,DADO_CALCULADO_SOBRE_DADO_OBSERVADO,INT/(INT+OUF+EXT) — NT CIET 05/2026
2025-03,10063021,"Arroz semibranqueado ou branqueado, não parboilizado, polido ou brunido",85629549,2637094,18269356,106535999,0.8037616374161001,FORA_DAS_FAIXAS_NT,Composicao_de_Mercado_03_2025.csv,DADO_CALCULADO_SOBRE_DADO_OBSERVADO,INT/(INT+OUF+EXT) — NT CIET 05/2026
2025-03,10063029,"Outros tipos de arroz semibranqueado ou branqueado, não parboilizado",87995,38821,0,126816,0.693879321221297,FORA_DAS_FAIXAS_NT,Composicao_de_Mercado_03_2025.csv,DADO_CALCULADO_SOBRE_DADO_OBSERVADO,INT/(INT+OUF+EXT) — NT CIET 05/2026
2025-03,10064000,Arroz quebrado,45903034,1579584,0,47482618,0.9667334265351586,FORA_DAS_FAIXAS_NT,Composicao_de_Mercado_03_2025.csv,DADO_CALCULADO_SOBRE_DADO_OBSERVADO,INT/(INT+OUF+EXT) — NT CIET 05/2026
2025-04,10062010,"Arroz descascado (cargo/castanho), parboilizado",2153645,1124249,0,3277894,0.6570209408846046,FORA_DAS_FAIXAS_NT,Composicao_de_Mercado_04_2025.csv,DADO_CALCULADO_SOBRE_DADO_OBSERVADO,INT/(INT+OUF+EXT) — NT CIET 05/2026
2025-04,10062020,"Arroz descascado (cargo/castanho), não parboilizado",1846352,63443,7346218,9256013,0.1994759514706818,MEDIA,Composicao_de_Mercado_04_2025.csv,DADO_CALCULADO_SOBRE_DADO_OBSERVADO,INT/(INT+OUF+EXT) — NT CIET 05/2026
2025-04,10063011,"Arroz semibranqueado ou branqueado, parboilizado, polido ou brunido",27295009,2768707,0,30063716,0.9079053633955296,FORA_DAS_FAIXAS_NT,Composicao_de_Mercado_04_2025.csv,DADO_CALCULADO_SOBRE_DADO_OBSERVADO,INT/(INT+OUF+EXT) — NT CIET 05/2026
2025-04,10063019,"Outros tipos de arroz semibranqueado ou branqueado, parboilizado",841274,284486,0,1125760,0.7472942723138146,FORA_DAS_FAIXAS_NT,Composicao_de_Mercado_04_2025.csv,DADO_CALCULADO_SOBRE_DADO_OBSERVADO,INT/(INT+OUF+EXT) — NT CIET 05/2026
2025-04,10063021,"Arroz semibranqueado ou branqueado, não parboilizado, polido ou brunido",89834349,6112637,10026850,105973836,0.8477030972059934,FORA_DAS_FAIXAS_NT,Composicao_de_Mercado_04_2025.csv,DADO_CALCULADO_SOBRE_DADO_OBSERVADO,INT/(INT+OUF+EXT) — NT CIET 05/2026
2025-04,10063029,"Outros tipos de arroz semibranqueado ou branqueado, não parboilizado",154307,37849,0,192156,0.8030298299298486,FORA_DAS_FAIXAS_NT,Composicao_de_Mercado_04_2025.csv,DADO_CALCULADO_SOBRE_DADO_OBSERVADO,INT/(INT+OUF+EXT) — NT CIET 05/2026
2025-04,10064000,Arroz quebrado,45648379,604048,7230332,53482759,0.8535157844044657,FORA_DAS_FAIXAS_NT,Composicao_de_Mercado_04_2025.csv,DADO_CALCULADO_SOBRE_DADO_OBSERVADO,INT/(INT+OUF+EXT) — NT CIET 05/2026
2025-05,10062010,"Arroz descascado (cargo/castanho), parboilizado",2521726,1144984,0,3666710,0.68773532676432,FORA_DAS_FAIXAS_NT,Composicao_de_Mercado_05_2025.csv,DADO_CALCULADO_SOBRE_DADO_OBSERVADO,INT/(INT+OUF+EXT) — NT CIET 05/2026
2025-05,10062020,"Arroz descascado (cargo/castanho), não parboilizado",1757002,395716,23770413,25923131,0.0677773838353091,ALTA,Composicao_de_Mercado_05_2025.csv,DADO_CALCULADO_SOBRE_DADO_OBSERVADO,INT/(INT+OUF+EXT) — NT CIET 05/2026
2025-05,10063011,"Arroz semibranqueado ou branqueado, parboilizado, polido ou brunido",29479928,2253215,0,31733143,0.928994899748821,FORA_DAS_FAIXAS_NT,Composicao_de_Mercado_05_2025.csv,DADO_CALCULADO_SOBRE_DADO_OBSERVADO,INT/(INT+OUF+EXT) — NT CIET 05/2026
2025-05,10063019,"Outros tipos de arroz semibranqueado ou branqueado, parboilizado",543165,482191,0,1025356,0.5297330878251066,FORA_DAS_FAIXAS_NT,Composicao_de_Mercado_05_2025.csv,DADO_CALCULADO_SOBRE_DADO_OBSERVADO,INT/(INT+OUF+EXT) — NT CIET 05/2026
2025-05,10063021,"Arroz semibranqueado ou branqueado, não parboilizado, polido ou brunido",98272428,4896734,24130971,127300133,0.7719742759420369,FORA_DAS_FAIXAS_NT,Composicao_de_Mercado_05_2025.csv,DADO_CALCULADO_SOBRE_DADO_OBSERVADO,INT/(INT+OUF+EXT) — NT CIET 05/2026
2025-05,10063029,"Outros tipos de arroz semibranqueado ou branqueado, não parboilizado",299204,98628,0,397832,0.7520863077882121,FORA_DAS_FAIXAS_NT,Composicao_de_Mercado_05_2025.csv,DADO_CALCULADO_SOBRE_DADO_OBSERVADO,INT/(INT+OUF+EXT) — NT CIET 05/2026
2025-05,10064000,Arroz quebrado,48954295,1253264,4127336,54334895,0.9009733984026287,FORA_DAS_FAIXAS_NT,Composicao_de_Mercado_05_2025.csv,DADO_CALCULADO_SOBRE_DADO_OBSERVADO,INT/(INT+OUF+EXT) — NT CIET 05/2026
2025-06,10062010,"Arroz descascado (cargo/castanho), parboilizado",1533580,472026,0,2005606,0.7646466953130375,FORA_DAS_FAIXAS_NT,Composicao_de_Mercado_06_2025.csv,DADO_CALCULADO_SOBRE_DADO_OBSERVADO,INT/(INT+OUF+EXT) — NT CIET 05/2026
2025-06,10062020,"Arroz descascado (cargo/castanho), não parboilizado",1420935,295522,18542762,20259219,0.07013769879283106,ALTA,Composicao_de_Mercado_06_2025.csv,DADO_CALCULADO_SOBRE_DADO_OBSERVADO,INT/(INT+OUF+EXT) — NT CIET 05/2026
2025-06,10063011,"Arroz semibranqueado ou branqueado, parboilizado, polido ou brunido",26773242,2729603,0,29502845,0.907480007436571,FORA_DAS_FAIXAS_NT,Composicao_de_Mercado_06_2025.csv,DADO_CALCULADO_SOBRE_DADO_OBSERVADO,INT/(INT+OUF+EXT) — NT CIET 05/2026
2025-06,10063019,"Outros tipos de arroz semibranqueado ou branqueado, parboilizado",958308,64811,0,1023119,0.9366535075587493,FORA_DAS_FAIXAS_NT,Composicao_de_Mercado_06_2025.csv,DADO_CALCULADO_SOBRE_DADO_OBSERVADO,INT/(INT+OUF+EXT) — NT CIET 05/2026
2025-06,10063021,"Arroz semibranqueado ou branqueado, não parboilizado, polido ou brunido",76111521,4697964,34295712,115105197,0.6612344445229523,FORA_DAS_FAIXAS_NT,Composicao_de_Mercado_06_2025.csv,DADO_CALCULADO_SOBRE_DADO_OBSERVADO,INT/(INT+OUF+EXT) — NT CIET 05/2026
2025-06,10063029,"Outros tipos de arroz semibranqueado ou branqueado, não parboilizado",191262,28894,0,220156,0.8687566997946911,FORA_DAS_FAIXAS_NT,Composicao_de_Mercado_06_2025.csv,DADO_CALCULADO_SOBRE_DADO_OBSERVADO,INT/(INT+OUF+EXT) — NT CIET 05/2026
2025-06,10064000,Arroz quebrado,37898308,3191047,2121496,43210851,0.8770553488983589,FORA_DAS_FAIXAS_NT,Composicao_de_Mercado_06_2025.csv,DADO_CALCULADO_SOBRE_DADO_OBSERVADO,INT/(INT+OUF+EXT) — NT CIET 05/2026
2025-07,10062010,"Arroz descascado (cargo/castanho), parboilizado",1763611,992426,0,2756037,0.6399083176314396,FORA_DAS_FAIXAS_NT,Composicao_de_Mercado_07_2025.csv,DADO_CALCULADO_SOBRE_DADO_OBSERVADO,INT/(INT+OUF+EXT) — NT CIET 05/2026
2025-07,10062020,"Arroz descascado (cargo/castanho), não parboilizado",2623357,1261027,28261221,32145605,0.0816085744847546,ALTA,Composicao_de_Mercado_07_2025.csv,DADO_CALCULADO_SOBRE_DADO_OBSERVADO,INT/(INT+OUF+EXT) — NT CIET 05/2026
2025-07,10063011,"Arroz semibranqueado ou branqueado, parboilizado, polido ou brunido",30075082,3790166,0,33865248,0.8880809613442074,FORA_DAS_FAIXAS_NT,Composicao_de_Mercado_07_2025.csv,DADO_CALCULADO_SOBRE_DADO_OBSERVADO,INT/(INT+OUF+EXT) — NT CIET 05/2026
2025-07,10063019,"Outros tipos de arroz semibranqueado ou branqueado, parboilizado",1167806,132727,0,1300533,0.8979441505905655,FORA_DAS_FAIXAS_NT,Composicao_de_Mercado_07_2025.csv,DADO_CALCULADO_SOBRE_DADO_OBSERVADO,INT/(INT+OUF+EXT) — NT CIET 05/2026
2025-07,10063021,"Arroz semibranqueado ou branqueado, não parboilizado, polido ou brunido",91749721,5345824,34473834,131569379,0.6973485905105625,FORA_DAS_FAIXAS_NT,Composicao_de_Mercado_07_2025.csv,DADO_CALCULADO_SOBRE_DADO_OBSERVADO,INT/(INT+OUF+EXT) — NT CIET 05/2026
2025-07,10063029,"Outros tipos de arroz semibranqueado ou branqueado, não parboilizado",265891,63697,0,329588,0.8067375025789774,FORA_DAS_FAIXAS_NT,Composicao_de_Mercado_07_2025.csv,DADO_CALCULADO_SOBRE_DADO_OBSERVADO,INT/(INT+OUF+EXT) — NT CIET 05/2026
2025-07,10064000,Arroz quebrado,45539298,2673917,11296273,59509488,0.7652443254090844,FORA_DAS_FAIXAS_NT,Composicao_de_Mercado_07_2025.csv,DADO_CALCULADO_SOBRE_DADO_OBSERVADO,INT/(INT+OUF+EXT) — NT CIET 05/2026
2025-08,10062010,"Arroz descascado (cargo/castanho), parboilizado",1611995,650948,0,2262943,0.7123445000603197,FORA_DAS_FAIXAS_NT,Composicao_de_Mercado_08_2025.csv,DADO_CALCULADO_SOBRE_DADO_OBSERVADO,INT/(INT+OUF+EXT) — NT CIET 05/2026
2025-08,10062020,"Arroz descascado (cargo/castanho), não parboilizado",2227641,1844906,23302318,27374865,0.08137541500204659,ALTA,Composicao_de_Mercado_08_2025.csv,DADO_CALCULADO_SOBRE_DADO_OBSERVADO,INT/(INT+OUF+EXT) — NT CIET 05/2026
2025-08,10063011,"Arroz semibranqueado ou branqueado, parboilizado, polido ou brunido",26284542,2574321,0,28858863,0.9107961737785719,FORA_DAS_FAIXAS_NT,Composicao_de_Mercado_08_2025.csv,DADO_CALCULADO_SOBRE_DADO_OBSERVADO,INT/(INT+OUF+EXT) — NT CIET 05/2026
2025-08,10063019,"Outros tipos de arroz semibranqueado ou branqueado, parboilizado",1073222,57260,0,1130482,0.9493490387286131,FORA_DAS_FAIXAS_NT,Composicao_de_Mercado_08_2025.csv,DADO_CALCULADO_SOBRE_DADO_OBSERVADO,INT/(INT+OUF+EXT) — NT CIET 05/2026
2025-08,10063021,"Arroz semibranqueado ou branqueado, não parboilizado, polido ou brunido",74856450,4705372,26717619,106279441,0.704336128376889,FORA_DAS_FAIXAS_NT,Composicao_de_Mercado_08_2025.csv,DADO_CALCULADO_SOBRE_DADO_OBSERVADO,INT/(INT+OUF+EXT) — NT CIET 05/2026
2025-08,10063029,"Outros tipos de arroz semibranqueado ou branqueado, não parboilizado",319251,52712,0,371963,0.8582869801566285,FORA_DAS_FAIXAS_NT,Composicao_de_Mercado_08_2025.csv,DADO_CALCULADO_SOBRE_DADO_OBSERVADO,INT/(INT+OUF+EXT) — NT CIET 05/2026
2025-08,10064000,Arroz quebrado,46080885,2345162,3705154,52131201,0.8839405982609148,FORA_DAS_FAIXAS_NT,Composicao_de_Mercado_08_2025.csv,DADO_CALCULADO_SOBRE_DADO_OBSERVADO,INT/(INT+OUF+EXT) — NT CIET 05/2026
2025-09,10062010,"Arroz descascado (cargo/castanho), parboilizado",1621000,521281,0,2142281,0.7566701100369186,FORA_DAS_FAIXAS_NT,Composicao_de_Mercado_09_2025.csv,DADO_CALCULADO_SOBRE_DADO_OBSERVADO,INT/(INT+OUF+EXT) — NT CIET 05/2026
2025-09,10062020,"Arroz descascado (cargo/castanho), não parboilizado",2083219,1271746,27798255,31153220,0.0668701020311865,ALTA,Composicao_de_Mercado_09_2025.csv,DADO_CALCULADO_SOBRE_DADO_OBSERVADO,INT/(INT+OUF+EXT) — NT CIET 05/2026
2025-09,10063011,"Arroz semibranqueado ou branqueado, parboilizado, polido ou brunido",22665391,2376957,0,25042348,0.905082502647116,FORA_DAS_FAIXAS_NT,Composicao_de_Mercado_09_2025.csv,DADO_CALCULADO_SOBRE_DADO_OBSERVADO,INT/(INT+OUF+EXT) — NT CIET 05/2026
2025-09,10063019,"Outros tipos de arroz semibranqueado ou branqueado, parboilizado",1220648,8279,0,1228927,0.9932632288166832,FORA_DAS_FAIXAS_NT,Composicao_de_Mercado_09_2025.csv,DADO_CALCULADO_SOBRE_DADO_OBSERVADO,INT/(INT+OUF+EXT) — NT CIET 05/2026
2025-09,10063021,"Arroz semibranqueado ou branqueado, não parboilizado, polido ou brunido",70427501,3627260,22693615,96748376,0.727945045816583,FORA_DAS_FAIXAS_NT,Composicao_de_Mercado_09_2025.csv,DADO_CALCULADO_SOBRE_DADO_OBSERVADO,INT/(INT+OUF+EXT) — NT CIET 05/2026
2025-09,10063029,"Outros tipos de arroz semibranqueado ou branqueado, não parboilizado",182224,47250,0,229474,0.794094320053688,FORA_DAS_FAIXAS_NT,Composicao_de_Mercado_09_2025.csv,DADO_CALCULADO_SOBRE_DADO_OBSERVADO,INT/(INT+OUF+EXT) — NT CIET 05/2026
2025-09,10064000,Arroz quebrado,34360383,2292425,6114026,42766834,0.8034352741659576,FORA_DAS_FAIXAS_NT,Composicao_de_Mercado_09_2025.csv,DADO_CALCULADO_SOBRE_DADO_OBSERVADO,INT/(INT+OUF+EXT) — NT CIET 05/2026
2025-10,10062010,"Arroz descascado (cargo/castanho), parboilizado",2558883,719477,0,3278360,0.780537524859991,FORA_DAS_FAIXAS_NT,Composicao_de_Mercado_10_2025.csv,DADO_CALCULADO_SOBRE_DADO_OBSERVADO,INT/(INT+OUF+EXT) — NT CIET 05/2026
2025-10,10062020,"Arroz descascado (cargo/castanho), não parboilizado",2047823,1495513,24949971,28493307,0.07187031677298812,ALTA,Composicao_de_Mercado_10_2025.csv,DADO_CALCULADO_SOBRE_DADO_OBSERVADO,INT/(INT+OUF+EXT) — NT CIET 05/2026
2025-10,10063011,"Arroz semibranqueado ou branqueado, parboilizado, polido ou brunido",23976676,2796416,0,26773092,0.8955512497398508,FORA_DAS_FAIXAS_NT,Composicao_de_Mercado_10_2025.csv,DADO_CALCULADO_SOBRE_DADO_OBSERVADO,INT/(INT+OUF+EXT) — NT CIET 05/2026
2025-10,10063019,"Outros tipos de arroz semibranqueado ou branqueado, parboilizado",731874,4936,0,736810,0.9933008509656492,FORA_DAS_FAIXAS_NT,Composicao_de_Mercado_10_2025.csv,DADO_CALCULADO_SOBRE_DADO_OBSERVADO,INT/(INT+OUF+EXT) — NT CIET 05/2026
2025-10,10063021,"Arroz semibranqueado ou branqueado, não parboilizado, polido ou brunido",57520254,4920272,9001945,71442471,0.8051268831393024,FORA_DAS_FAIXAS_NT,Composicao_de_Mercado_10_2025.csv,DADO_CALCULADO_SOBRE_DADO_OBSERVADO,INT/(INT+OUF+EXT) — NT CIET 05/2026
2025-10,10063029,"Outros tipos de arroz semibranqueado ou branqueado, não parboilizado",303401,97613,0,401014,0.7565845581451022,FORA_DAS_FAIXAS_NT,Composicao_de_Mercado_10_2025.csv,DADO_CALCULADO_SOBRE_DADO_OBSERVADO,INT/(INT+OUF+EXT) — NT CIET 05/2026
2025-10,10064000,Arroz quebrado,33505562,2901639,884804,37292005,0.8984650195128956,FORA_DAS_FAIXAS_NT,Composicao_de_Mercado_10_2025.csv,DADO_CALCULADO_SOBRE_DADO_OBSERVADO,INT/(INT+OUF+EXT) — NT CIET 05/2026
2025-11,10062010,"Arroz descascado (cargo/castanho), parboilizado",2370395,465816,0,2836211,0.8357611616343071,FORA_DAS_FAIXAS_NT,Composicao_de_Mercado_11_2025.csv,DADO_CALCULADO_SOBRE_DADO_OBSERVADO,INT/(INT+OUF+EXT) — NT CIET 05/2026
2025-11,10062020,"Arroz descascado (cargo/castanho), não parboilizado",4231636,25972,16920244,21177852,0.1998142210078718,MEDIA,Composicao_de_Mercado_11_2025.csv,DADO_CALCULADO_SOBRE_DADO_OBSERVADO,INT/(INT+OUF+EXT) — NT CIET 05/2026
2025-11,10063011,"Arroz semibranqueado ou branqueado, parboilizado, polido ou brunido",18200326,1896603,0,20096929,0.9056272229453565,FORA_DAS_FAIXAS_NT,Composicao_de_Mercado_11_2025.csv,DADO_CALCULADO_SOBRE_DADO_OBSERVADO,INT/(INT+OUF+EXT) — NT CIET 05/2026
2025-11,10063019,"Outros tipos de arroz semibranqueado ou branqueado, parboilizado",937534,46783,0,984317,0.9524716122956324,FORA_DAS_FAIXAS_NT,Composicao_de_Mercado_11_2025.csv,DADO_CALCULADO_SOBRE_DADO_OBSERVADO,INT/(INT+OUF+EXT) — NT CIET 05/2026
2025-11,10063021,"Arroz semibranqueado ou branqueado, não parboilizado, polido ou brunido",57657763,1697337,6352197,65707297,0.8774940627979264,FORA_DAS_FAIXAS_NT,Composicao_de_Mercado_11_2025.csv,DADO_CALCULADO_SOBRE_DADO_OBSERVADO,INT/(INT+OUF+EXT) — NT CIET 05/2026
2025-11,10063029,"Outros tipos de arroz semibranqueado ou branqueado, não parboilizado",227397,238937,0,466334,0.4876268940287434,FORA_DAS_FAIXAS_NT,Composicao_de_Mercado_11_2025.csv,DADO_CALCULADO_SOBRE_DADO_OBSERVADO,INT/(INT+OUF+EXT) — NT CIET 05/2026
2025-11,10064000,Arroz quebrado,29818073,635993,0,30454066,0.9791163189834815,FORA_DAS_FAIXAS_NT,Composicao_de_Mercado_11_2025.csv,DADO_CALCULADO_SOBRE_DADO_OBSERVADO,INT/(INT+OUF+EXT) — NT CIET 05/2026
2025-12,10062010,"Arroz descascado (cargo/castanho), parboilizado",1813178,512177,0,2325355,0.7797424479273057,FORA_DAS_FAIXAS_NT,Composicao_de_Mercado_12_2025.csv,DADO_CALCULADO_SOBRE_DADO_OBSERVADO,INT/(INT+OUF+EXT) — NT CIET 05/2026
2025-12,10062020,"Arroz descascado (cargo/castanho), não parboilizado",1808574,899712,7902119,10610405,0.1704528714973651,MEDIA,Composicao_de_Mercado_12_2025.csv,DADO_CALCULADO_SOBRE_DADO_OBSERVADO,INT/(INT+OUF+EXT) — NT CIET 05/2026
2025-12,10063011,"Arroz semibranqueado ou branqueado, parboilizado, polido ou brunido",21949882,1744240,0,23694122,0.9263851177941939,FORA_DAS_FAIXAS_NT,Composicao_de_Mercado_12_2025.csv,DADO_CALCULADO_SOBRE_DADO_OBSERVADO,INT/(INT+OUF+EXT) — NT CIET 05/2026
2025-12,10063019,"Outros tipos de arroz semibranqueado ou branqueado, parboilizado",471257,2886,0,474143,0.9939132287094822,FORA_DAS_FAIXAS_NT,Composicao_de_Mercado_12_2025.csv,DADO_CALCULADO_SOBRE_DADO_OBSERVADO,INT/(INT+OUF+EXT) — NT CIET 05/2026
2025-12,10063021,"Arroz semibranqueado ou branqueado, não parboilizado, polido ou brunido",54615267,3610798,4474472,62700537,0.8710494297680417,FORA_DAS_FAIXAS_NT,Composicao_de_Mercado_12_2025.csv,DADO_CALCULADO_SOBRE_DADO_OBSERVADO,INT/(INT+OUF+EXT) — NT CIET 05/2026
2025-12,10063029,"Outros tipos de arroz semibranqueado ou branqueado, não parboilizado",134639,60795,0,195434,0.688923114708802,FORA_DAS_FAIXAS_NT,Composicao_de_Mercado_12_2025.csv,DADO_CALCULADO_SOBRE_DADO_OBSERVADO,INT/(INT+OUF+EXT) — NT CIET 05/2026
2025-12,10064000,Arroz quebrado,27321029,520919,1101921,28943869,0.9439314764726167,FORA_DAS_FAIXAS_NT,Composicao_de_Mercado_12_2025.csv,DADO_CALCULADO_SOBRE_DADO_OBSERVADO,INT/(INT+OUF+EXT) — NT CIET 05/2026
2026-01,10062010,"Arroz descascado (cargo/castanho), parboilizado",1546758,607235,0,2153993,0.718088684596468,FORA_DAS_FAIXAS_NT,Composicao_de_Mercado_01_2026.csv,DADO_CALCULADO_SOBRE_DADO_OBSERVADO,INT/(INT+OUF+EXT) — NT CIET 05/2026
2026-01,10062020,"Arroz descascado (cargo/castanho), não parboilizado",1203774,2097850,9032637,12334261,0.09759595649873146,ALTA,Composicao_de_Mercado_01_2026.csv,DADO_CALCULADO_SOBRE_DADO_OBSERVADO,INT/(INT+OUF+EXT) — NT CIET 05/2026
2026-01,10063011,"Arroz semibranqueado ou branqueado, parboilizado, polido ou brunido",18733612,1546167,0,20279779,0.9237581928284327,FORA_DAS_FAIXAS_NT,Composicao_de_Mercado_01_2026.csv,DADO_CALCULADO_SOBRE_DADO_OBSERVADO,INT/(INT+OUF+EXT) — NT CIET 05/2026
2026-01,10063019,"Outros tipos de arroz semibranqueado ou branqueado, parboilizado",204385,2706,0,207091,0.9869332805385073,FORA_DAS_FAIXAS_NT,Composicao_de_Mercado_01_2026.csv,DADO_CALCULADO_SOBRE_DADO_OBSERVADO,INT/(INT+OUF+EXT) — NT CIET 05/2026
2026-01,10063021,"Arroz semibranqueado ou branqueado, não parboilizado, polido ou brunido",56638464,6875509,10174892,73688865,0.7686163167257359,FORA_DAS_FAIXAS_NT,Composicao_de_Mercado_01_2026.csv,DADO_CALCULADO_SOBRE_DADO_OBSERVADO,INT/(INT+OUF+EXT) — NT CIET 05/2026
2026-01,10063029,"Outros tipos de arroz semibranqueado ou branqueado, não parboilizado",300113,67727,0,367840,0.8158791866028708,FORA_DAS_FAIXAS_NT,Composicao_de_Mercado_01_2026.csv,DADO_CALCULADO_SOBRE_DADO_OBSERVADO,INT/(INT+OUF+EXT) — NT CIET 05/2026
2026-01,10064000,Arroz quebrado,31506957,1900806,2405471,35813234,0.8797573824246088,FORA_DAS_FAIXAS_NT,Composicao_de_Mercado_01_2026.csv,DADO_CALCULADO_SOBRE_DADO_OBSERVADO,INT/(INT+OUF+EXT) — NT CIET 05/2026
2026-02,10062010,"Arroz descascado (cargo/castanho), parboilizado",2006659,313149,0,2319808,0.8650108112395508,FORA_DAS_FAIXAS_NT,Composicao_de_Mercado_02_2026.csv,DADO_CALCULADO_SOBRE_DADO_OBSERVADO,INT/(INT+OUF+EXT) — NT CIET 05/2026
2026-02,10062020,"Arroz descascado (cargo/castanho), não parboilizado",1837394,89652,10444328,12371374,0.14851980063006745,ALTA,Composicao_de_Mercado_02_2026.csv,DADO_CALCULADO_SOBRE_DADO_OBSERVADO,INT/(INT+OUF+EXT) — NT CIET 05/2026
2026-02,10063011,"Arroz semibranqueado ou branqueado, parboilizado, polido ou brunido",17975223,2591383,0,20566606,0.8740004549122009,FORA_DAS_FAIXAS_NT,Composicao_de_Mercado_02_2026.csv,DADO_CALCULADO_SOBRE_DADO_OBSERVADO,INT/(INT+OUF+EXT) — NT CIET 05/2026
2026-02,10063019,"Outros tipos de arroz semibranqueado ou branqueado, parboilizado",359481,5384,0,364865,0.9852438573170899,FORA_DAS_FAIXAS_NT,Composicao_de_Mercado_02_2026.csv,DADO_CALCULADO_SOBRE_DADO_OBSERVADO,INT/(INT+OUF+EXT) — NT CIET 05/2026
2026-02,10063021,"Arroz semibranqueado ou branqueado, não parboilizado, polido ou brunido",70924792,2997140,16655120,90577052,0.7830326824944579,FORA_DAS_FAIXAS_NT,Composicao_de_Mercado_02_2026.csv,DADO_CALCULADO_SOBRE_DADO_OBSERVADO,INT/(INT+OUF+EXT) — NT CIET 05/2026
2026-02,10063029,"Outros tipos de arroz semibranqueado ou branqueado, não parboilizado",167888,34436,0,202324,0.8297977501433345,FORA_DAS_FAIXAS_NT,Composicao_de_Mercado_02_2026.csv,DADO_CALCULADO_SOBRE_DADO_OBSERVADO,INT/(INT+OUF+EXT) — NT CIET 05/2026
2026-02,10064000,Arroz quebrado,27775107,2016543,2271124,32062774,0.8662727373495506,FORA_DAS_FAIXAS_NT,Composicao_de_Mercado_02_2026.csv,DADO_CALCULADO_SOBRE_DADO_OBSERVADO,INT/(INT+OUF+EXT) — NT CIET 05/2026
2026-03,10062010,"Arroz descascado (cargo/castanho), parboilizado",2059737,415232,0,2474969,0.8322273935552325,FORA_DAS_FAIXAS_NT,Composicao_de_Mercado_03_2026.csv,DADO_CALCULADO_SOBRE_DADO_OBSERVADO,INT/(INT+OUF+EXT) — NT CIET 05/2026
2026-03,10062020,"Arroz descascado (cargo/castanho), não parboilizado",2338908,1245411,4517123,8101442,0.2887026778689522,MEDIA,Composicao_de_Mercado_03_2026.csv,DADO_CALCULADO_SOBRE_DADO_OBSERVADO,INT/(INT+OUF+EXT) — NT CIET 05/2026
2026-03,10063011,"Arroz semibranqueado ou branqueado, parboilizado, polido ou brunido",26098975,2556845,0,28655820,0.9107739719191424,FORA_DAS_FAIXAS_NT,Composicao_de_Mercado_03_2026.csv,DADO_CALCULADO_SOBRE_DADO_OBSERVADO,INT/(INT+OUF+EXT) — NT CIET 05/2026
2026-03,10063019,"Outros tipos de arroz semibranqueado ou branqueado, parboilizado",401007,24994,0,426001,0.94132877622353,FORA_DAS_FAIXAS_NT,Composicao_de_Mercado_03_2026.csv,DADO_CALCULADO_SOBRE_DADO_OBSERVADO,INT/(INT+OUF+EXT) — NT CIET 05/2026
2026-03,10063021,"Arroz semibranqueado ou branqueado, não parboilizado, polido ou brunido",79004241,2048830,29405465,110458536,0.7152388929000472,FORA_DAS_FAIXAS_NT,Composicao_de_Mercado_03_2026.csv,DADO_CALCULADO_SOBRE_DADO_OBSERVADO,INT/(INT+OUF+EXT) — NT CIET 05/2026
2026-03,10063029,"Outros tipos de arroz semibranqueado ou branqueado, não parboilizado",262895,232276,0,495171,0.5309176022020675,FORA_DAS_FAIXAS_NT,Composicao_de_Mercado_03_2026.csv,DADO_CALCULADO_SOBRE_DADO_OBSERVADO,INT/(INT+OUF+EXT) — NT CIET 05/2026
2026-03,10064000,Arroz quebrado,35402084,2720671,1679543,39802298,0.8894482424105261,FORA_DAS_FAIXAS_NT,Composicao_de_Mercado_03_2026.csv,DADO_CALCULADO_SOBRE_DADO_OBSERVADO,INT/(INT+OUF+EXT) — NT CIET 05/2026
2026-04,10062010,"Arroz descascado (cargo/castanho), parboilizado",2363807,220303,0,2584110,0.9147470502416692,FORA_DAS_FAIXAS_NT,Composicao_de_Mercado_04_2026.csv,DADO_CALCULADO_SOBRE_DADO_OBSERVADO,INT/(INT+OUF+EXT) — NT CIET 05/2026
2026-04,10062020,"Arroz descascado (cargo/castanho), não parboilizado",1618316,786621,11483231,13888168,0.11652480010322455,ALTA,Composicao_de_Mercado_04_2026.csv,DADO_CALCULADO_SOBRE_DADO_OBSERVADO,INT/(INT+OUF+EXT) — NT CIET 05/2026
2026-04,10063011,"Arroz semibranqueado ou branqueado, parboilizado, polido ou brunido",23323050,2127475,0,25450525,0.9164074218508262,FORA_DAS_FAIXAS_NT,Composicao_de_Mercado_04_2026.csv,DADO_CALCULADO_SOBRE_DADO_OBSERVADO,INT/(INT+OUF+EXT) — NT CIET 05/2026
2026-04,10063019,"Outros tipos de arroz semibranqueado ou branqueado, parboilizado",445302,13851,0,459153,0.9698335848834703,FORA_DAS_FAIXAS_NT,Composicao_de_Mercado_04_2026.csv,DADO_CALCULADO_SOBRE_DADO_OBSERVADO,INT/(INT+OUF+EXT) — NT CIET 05/2026
2026-04,10063021,"Arroz semibranqueado ou branqueado, não parboilizado, polido ou brunido",76978034,2198985,19791813,98968832,0.7778007726715417,FORA_DAS_FAIXAS_NT,Composicao_de_Mercado_04_2026.csv,DADO_CALCULADO_SOBRE_DADO_OBSERVADO,INT/(INT+OUF+EXT) — NT CIET 05/2026
2026-04,10063029,"Outros tipos de arroz semibranqueado ou branqueado, não parboilizado",191687,40674,0,232361,0.824953413008207,FORA_DAS_FAIXAS_NT,Composicao_de_Mercado_04_2026.csv,DADO_CALCULADO_SOBRE_DADO_OBSERVADO,INT/(INT+OUF+EXT) — NT CIET 05/2026
2026-04,10064000,Arroz quebrado,31408189,751453,0,32159642,0.9766336640190211,FORA_DAS_FAIXAS_NT,Composicao_de_Mercado_04_2026.csv,DADO_CALCULADO_SOBRE_DADO_OBSERVADO,INT/(INT+OUF+EXT) — NT CIET 05/2026
2026-05,10062010,"Arroz descascado (cargo/castanho), parboilizado",2077138,675240,0,2752378,0.7546703250788954,FORA_DAS_FAIXAS_NT,Composicao_de_Mercado_05_2026.csv,DADO_CALCULADO_SOBRE_DADO_OBSERVADO,INT/(INT+OUF+EXT) — NT CIET 05/2026
2026-05,10062020,"Arroz descascado (cargo/castanho), não parboilizado",1667276,1715517,11481152,14863945,0.11216914486699191,ALTA,Composicao_de_Mercado_05_2026.csv,DADO_CALCULADO_SOBRE_DADO_OBSERVADO,INT/(INT+OUF+EXT) — NT CIET 05/2026
2026-05,10063011,"Arroz semibranqueado ou branqueado, parboilizado, polido ou brunido",20228727,2355217,0,22583944,0.8957127683277996,FORA_DAS_FAIXAS_NT,Composicao_de_Mercado_05_2026.csv,DADO_CALCULADO_SOBRE_DADO_OBSERVADO,INT/(INT+OUF+EXT) — NT CIET 05/2026
2026-05,10063019,"Outros tipos de arroz semibranqueado ou branqueado, parboilizado",344998,64661,0,409659,0.8421589663598261,FORA_DAS_FAIXAS_NT,Composicao_de_Mercado_05_2026.csv,DADO_CALCULADO_SOBRE_DADO_OBSERVADO,INT/(INT+OUF+EXT) — NT CIET 05/2026
2026-05,10063021,"Arroz semibranqueado ou branqueado, não parboilizado, polido ou brunido",58967421,1829633,27868921,88665975,0.6650512894038553,FORA_DAS_FAIXAS_NT,Composicao_de_Mercado_05_2026.csv,DADO_CALCULADO_SOBRE_DADO_OBSERVADO,INT/(INT+OUF+EXT) — NT CIET 05/2026
2026-05,10063029,"Outros tipos de arroz semibranqueado ou branqueado, não parboilizado",218913,183856,0,402769,0.5435199829182484,FORA_DAS_FAIXAS_NT,Composicao_de_Mercado_05_2026.csv,DADO_CALCULADO_SOBRE_DADO_OBSERVADO,INT/(INT+OUF+EXT) — NT CIET 05/2026
2026-05,10064000,Arroz quebrado,27952536,443923,0,28396459,0.9843669592747462,FORA_DAS_FAIXAS_NT,Composicao_de_Mercado_05_2026.csv,DADO_CALCULADO_SOBRE_DADO_OBSERVADO,INT/(INT+OUF+EXT) — NT CIET 05/2026
2026-06,10062010,"Arroz descascado (cargo/castanho), parboilizado",1902066,1723923,0,3625989,0.5245647463354136,FORA_DAS_FAIXAS_NT,Composicao_de_Mercado_06_2026.csv,DADO_CALCULADO_SOBRE_DADO_OBSERVADO,INT/(INT+OUF+EXT) — NT CIET 05/2026
2026-06,10062020,"Arroz descascado (cargo/castanho), não parboilizado",1809405,1138627,20981110,23929142,0.07561512234747071,ALTA,Composicao_de_Mercado_06_2026.csv,DADO_CALCULADO_SOBRE_DADO_OBSERVADO,INT/(INT+OUF+EXT) — NT CIET 05/2026
2026-06,10063011,"Arroz semibranqueado ou branqueado, parboilizado, polido ou brunido",21346210,2555348,0,23901558,0.8930886430081253,FORA_DAS_FAIXAS_NT,Composicao_de_Mercado_06_2026.csv,DADO_CALCULADO_SOBRE_DADO_OBSERVADO,INT/(INT+OUF+EXT) — NT CIET 05/2026
2026-06,10063019,"Outros tipos de arroz semibranqueado ou branqueado, parboilizado",301424,4750,0,306174,0.9844859459000438,FORA_DAS_FAIXAS_NT,Composicao_de_Mercado_06_2026.csv,DADO_CALCULADO_SOBRE_DADO_OBSERVADO,INT/(INT+OUF+EXT) — NT CIET 05/2026
2026-06,10063021,"Arroz semibranqueado ou branqueado, não parboilizado, polido ou brunido",63583538,2338736,26909164,92831438,0.6849353987169734,FORA_DAS_FAIXAS_NT,Composicao_de_Mercado_06_2026.csv,DADO_CALCULADO_SOBRE_DADO_OBSERVADO,INT/(INT+OUF+EXT) — NT CIET 05/2026
2026-06,10063029,"Outros tipos de arroz semibranqueado ou branqueado, não parboilizado",197280,79192,0,276472,0.7135623137243554,FORA_DAS_FAIXAS_NT,Composicao_de_Mercado_06_2026.csv,DADO_CALCULADO_SOBRE_DADO_OBSERVADO,INT/(INT+OUF+EXT) — NT CIET 05/2026
2026-06,10064000,Arroz quebrado,30056482,2547584,3769716,36373782,0.82632270683318,FORA_DAS_FAIXAS_NT,Composicao_de_Mercado_06_2026.csv,DADO_CALCULADO_SOBRE_DADO_OBSERVADO,INT/(INT+OUF+EXT) — NT CIET 05/2026
2026-07,10062010,"Arroz descascado (cargo/castanho), parboilizado",3056884,675937,0,3732821,0.8189205965140037,FORA_DAS_FAIXAS_NT,Composicao_de_Mercado_07_2026.csv,DADO_CALCULADO_SOBRE_DADO_OBSERVADO,INT/(INT+OUF+EXT) — NT CIET 05/2026
2026-07,10062020,"Arroz descascado (cargo/castanho), não parboilizado",2123122,44824,22667474,24835420,0.08548766237897326,ALTA,Composicao_de_Mercado_07_2026.csv,DADO_CALCULADO_SOBRE_DADO_OBSERVADO,INT/(INT+OUF+EXT) — NT CIET 05/2026
2026-07,10063011,"Arroz semibranqueado ou branqueado, parboilizado, polido ou brunido",28350603,3115883,0,31466486,0.9009777259526215,FORA_DAS_FAIXAS_NT,Composicao_de_Mercado_07_2026.csv,DADO_CALCULADO_SOBRE_DADO_OBSERVADO,INT/(INT+OUF+EXT) — NT CIET 05/2026
2026-07,10063019,"Outros tipos de arroz semibranqueado ou branqueado, parboilizado",515854,39777,0,555631,0.9284111217696637,FORA_DAS_FAIXAS_NT,Composicao_de_Mercado_07_2026.csv,DADO_CALCULADO_SOBRE_DADO_OBSERVADO,INT/(INT+OUF+EXT) — NT CIET 05/2026
2026-07,10063021,"Arroz semibranqueado ou branqueado, não parboilizado, polido ou brunido",82331996,1854453,31885321,116071770,0.7093197252010545,FORA_DAS_FAIXAS_NT,Composicao_de_Mercado_07_2026.csv,DADO_CALCULADO_SOBRE_DADO_OBSERVADO,INT/(INT+OUF+EXT) — NT CIET 05/2026
2026-07,10063029,"Outros tipos de arroz semibranqueado ou branqueado, não parboilizado",389449,61413,0,450862,0.8637875891070882,FORA_DAS_FAIXAS_NT,Composicao_de_Mercado_07_2026.csv,DADO_CALCULADO_SOBRE_DADO_OBSERVADO,INT/(INT+OUF+EXT) — NT CIET 05/2026
2026-07,10064000,Arroz quebrado,36540422,1399608,4898096,42838126,0.8529883403396311,FORA_DAS_FAIXAS_NT,Composicao_de_Mercado_07_2026.csv,DADO_CALCULADO_SOBRE_DADO_OBSERVADO,INT/(INT+OUF+EXT) — NT CIET 05/2026
2026-08,10062010,"Arroz descascado (cargo/castanho), parboilizado",3000067,430112,0,3430179,0.8746094591565047,FORA_DAS_FAIXAS_NT,Composicao_de_Mercado_08_2026.csv,DADO_CALCULADO_SOBRE_DADO_OBSERVADO,INT/(INT+OUF+EXT) — NT CIET 05/2026
2026-08,10062020,"Arroz descascado (cargo/castanho), não parboilizado",2039433,1874658,28899440,32813531,0.062152195690247415,ALTA,Composicao_de_Mercado_08_2026.csv,DADO_CALCULADO_SOBRE_DADO_OBSERVADO,INT/(INT+OUF+EXT) — NT CIET 05/2026
2026-08,10063011,"Arroz semibranqueado ou branqueado, parboilizado, polido ou brunido",25544803,2887860,0,28432663,0.8984316031178649,FORA_DAS_FAIXAS_NT,Composicao_de_Mercado_08_2026.csv,DADO_CALCULADO_SOBRE_DADO_OBSERVADO,INT/(INT+OUF+EXT) — NT CIET 05/2026
2026-08,10063019,"Outros tipos de arroz semibranqueado ou branqueado, parboilizado",630025,18529,0,648554,0.9714302895364149,FORA_DAS_FAIXAS_NT,Composicao_de_Mercado_08_2026.csv,DADO_CALCULADO_SOBRE_DADO_OBSERVADO,INT/(INT+OUF+EXT) — NT CIET 05/2026
2026-08,10063021,"Arroz semibranqueado ou branqueado, não parboilizado, polido ou brunido",72507234,1816225,31359365,105682824,0.6860834263853509,FORA_DAS_FAIXAS_NT,Composicao_de_Mercado_08_2026.csv,DADO_CALCULADO_SOBRE_DADO_OBSERVADO,INT/(INT+OUF+EXT) — NT CIET 05/2026
2026-08,10063029,"Outros tipos de arroz semibranqueado ou branqueado, não parboilizado",349463,45786,0,395249,0.8841590997067671,FORA_DAS_FAIXAS_NT,Composicao_de_Mercado_08_2026.csv,DADO_CALCULADO_SOBRE_DADO_OBSERVADO,INT/(INT+OUF+EXT) — NT CIET 05/2026
2026-08,10064000,Arroz quebrado,31907888,2906700,4968350,39782938,0.8020495620509476,FORA_DAS_FAIXAS_NT,Composicao_de_Mercado_08_2026.csv,DADO_CALCULADO_SOBRE_DADO_OBSERVADO,INT/(INT+OUF+EXT) — NT CIET 05/2026
