year,function,stage,value_R$,source,nature
2019,01 - Legislativa,Despesas Empenhadas,6648396.81,SICONFI DCA Anexo I-E,observed
2019,04 - Administração,Despesas Empenhadas,23201403.0,SICONFI DCA Anexo I-E,observed
2019,06 - Segurança Pública,Despesas Empenhadas,864558.34,SICONFI DCA Anexo I-E,observed
2019,08 - Assistência Social,Despesas Empenhadas,5190198.99,SICONFI DCA Anexo I-E,observed
2019,09 - Previdência Social,Despesas Empenhadas,23515729.76,SICONFI DCA Anexo I-E,observed
2019,10 - Saúde,Despesas Empenhadas,57819895.69,SICONFI DCA Anexo I-E,observed
2019,11 - Trabalho,Despesas Empenhadas,25154.86,SICONFI DCA Anexo I-E,observed
2019,12 - Educação,Despesas Empenhadas,45582500.6,SICONFI DCA Anexo I-E,observed
2019,13 - Cultura,Despesas Empenhadas,571673.27,SICONFI DCA Anexo I-E,observed
2019,14 - Direitos da Cidadania,Despesas Empenhadas,1688.56,SICONFI DCA Anexo I-E,observed
2019,15 - Urbanismo,Despesas Empenhadas,12381361.79,SICONFI DCA Anexo I-E,observed
2019,16 - Habitação,Despesas Empenhadas,3639.22,SICONFI DCA Anexo I-E,observed
2019,17 - Saneamento,Despesas Empenhadas,63989.78,SICONFI DCA Anexo I-E,observed
2019,18 - Gestão Ambiental,Despesas Empenhadas,25203.29,SICONFI DCA Anexo I-E,observed
2019,20 - Agricultura,Despesas Empenhadas,753755.45,SICONFI DCA Anexo I-E,observed
2019,23 - Comércio e Serviços,Despesas Empenhadas,418411.16,SICONFI DCA Anexo I-E,observed
2019,26 - Transporte,Despesas Empenhadas,2042227.03,SICONFI DCA Anexo I-E,observed
2019,27 - Desporto e Lazer,Despesas Empenhadas,232798.16,SICONFI DCA Anexo I-E,observed
2019,28 - Encargos Especiais,Despesas Empenhadas,8057604.26,SICONFI DCA Anexo I-E,observed
2019,01 - Legislativa,Despesas Liquidadas,6540420.84,SICONFI DCA Anexo I-E,observed
2019,04 - Administração,Despesas Liquidadas,22883738.67,SICONFI DCA Anexo I-E,observed
2019,06 - Segurança Pública,Despesas Liquidadas,849274.79,SICONFI DCA Anexo I-E,observed
2019,08 - Assistência Social,Despesas Liquidadas,4937465.94,SICONFI DCA Anexo I-E,observed
2019,09 - Previdência Social,Despesas Liquidadas,23515726.63,SICONFI DCA Anexo I-E,observed
2019,10 - Saúde,Despesas Liquidadas,55380875.98,SICONFI DCA Anexo I-E,observed
2019,11 - Trabalho,Despesas Liquidadas,25154.86,SICONFI DCA Anexo I-E,observed
2019,12 - Educação,Despesas Liquidadas,45406333.21,SICONFI DCA Anexo I-E,observed
2019,13 - Cultura,Despesas Liquidadas,566152.59,SICONFI DCA Anexo I-E,observed
2019,14 - Direitos da Cidadania,Despesas Liquidadas,1270.14,SICONFI DCA Anexo I-E,observed
2019,15 - Urbanismo,Despesas Liquidadas,10364889.01,SICONFI DCA Anexo I-E,observed
2019,16 - Habitação,Despesas Liquidadas,3639.22,SICONFI DCA Anexo I-E,observed
2019,17 - Saneamento,Despesas Liquidadas,56205.77,SICONFI DCA Anexo I-E,observed
2019,18 - Gestão Ambiental,Despesas Liquidadas,23734.27,SICONFI DCA Anexo I-E,observed
2019,20 - Agricultura,Despesas Liquidadas,323401.16,SICONFI DCA Anexo I-E,observed
2019,23 - Comércio e Serviços,Despesas Liquidadas,147934.97,SICONFI DCA Anexo I-E,observed
2019,26 - Transporte,Despesas Liquidadas,1732735.33,SICONFI DCA Anexo I-E,observed
2019,27 - Desporto e Lazer,Despesas Liquidadas,228028.16,SICONFI DCA Anexo I-E,observed
2019,28 - Encargos Especiais,Despesas Liquidadas,8057604.26,SICONFI DCA Anexo I-E,observed
2019,01 - Legislativa,Despesas Pagas,6540420.84,SICONFI DCA Anexo I-E,observed
2019,04 - Administração,Despesas Pagas,22305770.26,SICONFI DCA Anexo I-E,observed
2019,06 - Segurança Pública,Despesas Pagas,838043.85,SICONFI DCA Anexo I-E,observed
2019,08 - Assistência Social,Despesas Pagas,4796282.02,SICONFI DCA Anexo I-E,observed
2019,09 - Previdência Social,Despesas Pagas,23515701.78,SICONFI DCA Anexo I-E,observed
2019,10 - Saúde,Despesas Pagas,53204294.85,SICONFI DCA Anexo I-E,observed
2019,11 - Trabalho,Despesas Pagas,25154.86,SICONFI DCA Anexo I-E,observed
2019,12 - Educação,Despesas Pagas,44901688.48,SICONFI DCA Anexo I-E,observed
2019,13 - Cultura,Despesas Pagas,543937.62,SICONFI DCA Anexo I-E,observed
2019,14 - Direitos da Cidadania,Despesas Pagas,1190.87,SICONFI DCA Anexo I-E,observed
2019,15 - Urbanismo,Despesas Pagas,10053778.69,SICONFI DCA Anexo I-E,observed
2019,16 - Habitação,Despesas Pagas,3639.22,SICONFI DCA Anexo I-E,observed
2019,17 - Saneamento,Despesas Pagas,56205.77,SICONFI DCA Anexo I-E,observed
2019,18 - Gestão Ambiental,Despesas Pagas,16826.27,SICONFI DCA Anexo I-E,observed
2019,20 - Agricultura,Despesas Pagas,323116.16,SICONFI DCA Anexo I-E,observed
2019,23 - Comércio e Serviços,Despesas Pagas,147934.97,SICONFI DCA Anexo I-E,observed
2019,26 - Transporte,Despesas Pagas,1732539.83,SICONFI DCA Anexo I-E,observed
2019,27 - Desporto e Lazer,Despesas Pagas,215107.26,SICONFI DCA Anexo I-E,observed
2019,28 - Encargos Especiais,Despesas Pagas,7649689.9,SICONFI DCA Anexo I-E,observed
2020,01 - Legislativa,Despesas Empenhadas,6732803.27,SICONFI DCA Anexo I-E,observed
2020,04 - Administração,Despesas Empenhadas,22416313.02,SICONFI DCA Anexo I-E,observed
2020,06 - Segurança Pública,Despesas Empenhadas,599558.03,SICONFI DCA Anexo I-E,observed
2020,08 - Assistência Social,Despesas Empenhadas,6060155.61,SICONFI DCA Anexo I-E,observed
2020,09 - Previdência Social,Despesas Empenhadas,23833377.22,SICONFI DCA Anexo I-E,observed
2020,10 - Saúde,Despesas Empenhadas,67671545.85,SICONFI DCA Anexo I-E,observed
2020,12 - Educação,Despesas Empenhadas,44869379.67,SICONFI DCA Anexo I-E,observed
2020,13 - Cultura,Despesas Empenhadas,854568.06,SICONFI DCA Anexo I-E,observed
2020,14 - Direitos da Cidadania,Despesas Empenhadas,1500.59,SICONFI DCA Anexo I-E,observed
2020,15 - Urbanismo,Despesas Empenhadas,15481504.77,SICONFI DCA Anexo I-E,observed
2020,16 - Habitação,Despesas Empenhadas,6621.57,SICONFI DCA Anexo I-E,observed
2020,17 - Saneamento,Despesas Empenhadas,698795.34,SICONFI DCA Anexo I-E,observed
2020,18 - Gestão Ambiental,Despesas Empenhadas,159021.98,SICONFI DCA Anexo I-E,observed
2020,20 - Agricultura,Despesas Empenhadas,742306.28,SICONFI DCA Anexo I-E,observed
2020,23 - Comércio e Serviços,Despesas Empenhadas,584359.15,SICONFI DCA Anexo I-E,observed
2020,26 - Transporte,Despesas Empenhadas,287460.33,SICONFI DCA Anexo I-E,observed
2020,27 - Desporto e Lazer,Despesas Empenhadas,671563.32,SICONFI DCA Anexo I-E,observed
2020,28 - Encargos Especiais,Despesas Empenhadas,9047698.11,SICONFI DCA Anexo I-E,observed
2020,01 - Legislativa,Despesas Liquidadas,6338685.46,SICONFI DCA Anexo I-E,observed
2020,04 - Administração,Despesas Liquidadas,22393943.24,SICONFI DCA Anexo I-E,observed
2020,06 - Segurança Pública,Despesas Liquidadas,547708.26,SICONFI DCA Anexo I-E,observed
2020,08 - Assistência Social,Despesas Liquidadas,6049470.65,SICONFI DCA Anexo I-E,observed
2020,09 - Previdência Social,Despesas Liquidadas,23833377.22,SICONFI DCA Anexo I-E,observed
2020,10 - Saúde,Despesas Liquidadas,65554716.1,SICONFI DCA Anexo I-E,observed
2020,12 - Educação,Despesas Liquidadas,43776892.15,SICONFI DCA Anexo I-E,observed
2020,13 - Cultura,Despesas Liquidadas,851523.82,SICONFI DCA Anexo I-E,observed
2020,14 - Direitos da Cidadania,Despesas Liquidadas,1500.59,SICONFI DCA Anexo I-E,observed
2020,15 - Urbanismo,Despesas Liquidadas,12046802.14,SICONFI DCA Anexo I-E,observed
2020,16 - Habitação,Despesas Liquidadas,6621.57,SICONFI DCA Anexo I-E,observed
2020,17 - Saneamento,Despesas Liquidadas,619018.54,SICONFI DCA Anexo I-E,observed
2020,18 - Gestão Ambiental,Despesas Liquidadas,46220.05,SICONFI DCA Anexo I-E,observed
2020,20 - Agricultura,Despesas Liquidadas,627297.28,SICONFI DCA Anexo I-E,observed
2020,23 - Comércio e Serviços,Despesas Liquidadas,218470.32,SICONFI DCA Anexo I-E,observed
2020,26 - Transporte,Despesas Liquidadas,129235.27,SICONFI DCA Anexo I-E,observed
2020,27 - Desporto e Lazer,Despesas Liquidadas,484161.57,SICONFI DCA Anexo I-E,observed
2020,28 - Encargos Especiais,Despesas Liquidadas,9047698.11,SICONFI DCA Anexo I-E,observed
2020,01 - Legislativa,Despesas Pagas,6338685.46,SICONFI DCA Anexo I-E,observed
2020,04 - Administração,Despesas Pagas,21775488.03,SICONFI DCA Anexo I-E,observed
2020,06 - Segurança Pública,Despesas Pagas,537350.61,SICONFI DCA Anexo I-E,observed
2020,08 - Assistência Social,Despesas Pagas,5883684.43,SICONFI DCA Anexo I-E,observed
2020,09 - Previdência Social,Despesas Pagas,23833377.22,SICONFI DCA Anexo I-E,observed
2020,10 - Saúde,Despesas Pagas,63962945.07,SICONFI DCA Anexo I-E,observed
2020,12 - Educação,Despesas Pagas,42858037.72,SICONFI DCA Anexo I-E,observed
2020,13 - Cultura,Despesas Pagas,847228.1,SICONFI DCA Anexo I-E,observed
2020,14 - Direitos da Cidadania,Despesas Pagas,1500.59,SICONFI DCA Anexo I-E,observed
2020,15 - Urbanismo,Despesas Pagas,10350462.82,SICONFI DCA Anexo I-E,observed
2020,16 - Habitação,Despesas Pagas,6621.57,SICONFI DCA Anexo I-E,observed
2020,17 - Saneamento,Despesas Pagas,619018.54,SICONFI DCA Anexo I-E,observed
2020,18 - Gestão Ambiental,Despesas Pagas,44428.05,SICONFI DCA Anexo I-E,observed
2020,20 - Agricultura,Despesas Pagas,594059.28,SICONFI DCA Anexo I-E,observed
2020,23 - Comércio e Serviços,Despesas Pagas,218470.32,SICONFI DCA Anexo I-E,observed
2020,26 - Transporte,Despesas Pagas,127965.27,SICONFI DCA Anexo I-E,observed
2020,27 - Desporto e Lazer,Despesas Pagas,356994.84,SICONFI DCA Anexo I-E,observed
2020,28 - Encargos Especiais,Despesas Pagas,8867987.8,SICONFI DCA Anexo I-E,observed
2021,01 - Legislativa,Despesas Empenhadas,6425586.13,SICONFI DCA Anexo I-E,observed
2021,04 - Administração,Despesas Empenhadas,24737005.23,SICONFI DCA Anexo I-E,observed
2021,06 - Segurança Pública,Despesas Empenhadas,342239.49,SICONFI DCA Anexo I-E,observed
2021,08 - Assistência Social,Despesas Empenhadas,6214041.42,SICONFI DCA Anexo I-E,observed
2021,09 - Previdência Social,Despesas Empenhadas,25717835.39,SICONFI DCA Anexo I-E,observed
2021,10 - Saúde,Despesas Empenhadas,73777637.77,SICONFI DCA Anexo I-E,observed
2021,12 - Educação,Despesas Empenhadas,49993911.14,SICONFI DCA Anexo I-E,observed
2021,13 - Cultura,Despesas Empenhadas,202023.26,SICONFI DCA Anexo I-E,observed
2021,14 - Direitos da Cidadania,Despesas Empenhadas,1357.13,SICONFI DCA Anexo I-E,observed
2021,15 - Urbanismo,Despesas Empenhadas,13138764.3,SICONFI DCA Anexo I-E,observed
2021,16 - Habitação,Despesas Empenhadas,1363.15,SICONFI DCA Anexo I-E,observed
2021,17 - Saneamento,Despesas Empenhadas,187076.36,SICONFI DCA Anexo I-E,observed
2021,18 - Gestão Ambiental,Despesas Empenhadas,137395.07,SICONFI DCA Anexo I-E,observed
2021,20 - Agricultura,Despesas Empenhadas,1000143.83,SICONFI DCA Anexo I-E,observed
2021,23 - Comércio e Serviços,Despesas Empenhadas,180020.59,SICONFI DCA Anexo I-E,observed
2021,26 - Transporte,Despesas Empenhadas,179484.99,SICONFI DCA Anexo I-E,observed
2021,27 - Desporto e Lazer,Despesas Empenhadas,135552.13,SICONFI DCA Anexo I-E,observed
2021,28 - Encargos Especiais,Despesas Empenhadas,10663971.93,SICONFI DCA Anexo I-E,observed
2021,01 - Legislativa,Despesas Liquidadas,6250750.38,SICONFI DCA Anexo I-E,observed
2021,04 - Administração,Despesas Liquidadas,24262512.93,SICONFI DCA Anexo I-E,observed
2021,06 - Segurança Pública,Despesas Liquidadas,319912.93,SICONFI DCA Anexo I-E,observed
2021,08 - Assistência Social,Despesas Liquidadas,6194598.77,SICONFI DCA Anexo I-E,observed
2021,09 - Previdência Social,Despesas Liquidadas,25717835.39,SICONFI DCA Anexo I-E,observed
2021,10 - Saúde,Despesas Liquidadas,70905694.31,SICONFI DCA Anexo I-E,observed
2021,12 - Educação,Despesas Liquidadas,48234228.05,SICONFI DCA Anexo I-E,observed
2021,13 - Cultura,Despesas Liquidadas,172832.25,SICONFI DCA Anexo I-E,observed
2021,14 - Direitos da Cidadania,Despesas Liquidadas,1263.76,SICONFI DCA Anexo I-E,observed
2021,15 - Urbanismo,Despesas Liquidadas,10136960.54,SICONFI DCA Anexo I-E,observed
2021,16 - Habitação,Despesas Liquidadas,1363.15,SICONFI DCA Anexo I-E,observed
2021,17 - Saneamento,Despesas Liquidadas,172426.36,SICONFI DCA Anexo I-E,observed
2021,18 - Gestão Ambiental,Despesas Liquidadas,129499.45,SICONFI DCA Anexo I-E,observed
2021,20 - Agricultura,Despesas Liquidadas,158213.83,SICONFI DCA Anexo I-E,observed
2021,23 - Comércio e Serviços,Despesas Liquidadas,171262.19,SICONFI DCA Anexo I-E,observed
2021,26 - Transporte,Despesas Liquidadas,132389.43,SICONFI DCA Anexo I-E,observed
2021,27 - Desporto e Lazer,Despesas Liquidadas,132672.13,SICONFI DCA Anexo I-E,observed
2021,28 - Encargos Especiais,Despesas Liquidadas,10663971.93,SICONFI DCA Anexo I-E,observed
2021,01 - Legislativa,Despesas Pagas,6250750.38,SICONFI DCA Anexo I-E,observed
2021,04 - Administração,Despesas Pagas,23917106.02,SICONFI DCA Anexo I-E,observed
2021,06 - Segurança Pública,Despesas Pagas,311351.47,SICONFI DCA Anexo I-E,observed
2021,08 - Assistência Social,Despesas Pagas,6116100.63,SICONFI DCA Anexo I-E,observed
2021,09 - Previdência Social,Despesas Pagas,25717835.39,SICONFI DCA Anexo I-E,observed
2021,10 - Saúde,Despesas Pagas,69957168.15,SICONFI DCA Anexo I-E,observed
2021,12 - Educação,Despesas Pagas,47631021.49,SICONFI DCA Anexo I-E,observed
2021,13 - Cultura,Despesas Pagas,167999.81,SICONFI DCA Anexo I-E,observed
2021,14 - Direitos da Cidadania,Despesas Pagas,1263.76,SICONFI DCA Anexo I-E,observed
2021,15 - Urbanismo,Despesas Pagas,9322858.2,SICONFI DCA Anexo I-E,observed
2021,16 - Habitação,Despesas Pagas,1363.15,SICONFI DCA Anexo I-E,observed
2021,17 - Saneamento,Despesas Pagas,157927.16,SICONFI DCA Anexo I-E,observed
2021,18 - Gestão Ambiental,Despesas Pagas,129376.95,SICONFI DCA Anexo I-E,observed
2021,20 - Agricultura,Despesas Pagas,158213.83,SICONFI DCA Anexo I-E,observed
2021,23 - Comércio e Serviços,Despesas Pagas,167220.19,SICONFI DCA Anexo I-E,observed
2021,26 - Transporte,Despesas Pagas,132389.43,SICONFI DCA Anexo I-E,observed
2021,27 - Desporto e Lazer,Despesas Pagas,131137.13,SICONFI DCA Anexo I-E,observed
2021,28 - Encargos Especiais,Despesas Pagas,10460773.56,SICONFI DCA Anexo I-E,observed
2022,01 - Legislativa,Despesas Empenhadas,7970814.97,SICONFI DCA Anexo I-E,observed
2022,04 - Administração,Despesas Empenhadas,31578198.48,SICONFI DCA Anexo I-E,observed
2022,06 - Segurança Pública,Despesas Empenhadas,651646.59,SICONFI DCA Anexo I-E,observed
2022,08 - Assistência Social,Despesas Empenhadas,6981344.91,SICONFI DCA Anexo I-E,observed
2022,09 - Previdência Social,Despesas Empenhadas,33244078.09,SICONFI DCA Anexo I-E,observed
2022,10 - Saúde,Despesas Empenhadas,87476181.29,SICONFI DCA Anexo I-E,observed
2022,11 - Trabalho,Despesas Empenhadas,1246.0,SICONFI DCA Anexo I-E,observed
2022,12 - Educação,Despesas Empenhadas,63177929.69,SICONFI DCA Anexo I-E,observed
2022,13 - Cultura,Despesas Empenhadas,342566.79,SICONFI DCA Anexo I-E,observed
2022,14 - Direitos da Cidadania,Despesas Empenhadas,1730.13,SICONFI DCA Anexo I-E,observed
2022,15 - Urbanismo,Despesas Empenhadas,24668106.27,SICONFI DCA Anexo I-E,observed
2022,16 - Habitação,Despesas Empenhadas,3782.0,SICONFI DCA Anexo I-E,observed
2022,17 - Saneamento,Despesas Empenhadas,18410.7,SICONFI DCA Anexo I-E,observed
2022,18 - Gestão Ambiental,Despesas Empenhadas,24964.16,SICONFI DCA Anexo I-E,observed
2022,20 - Agricultura,Despesas Empenhadas,1439189.21,SICONFI DCA Anexo I-E,observed
2022,23 - Comércio e Serviços,Despesas Empenhadas,5247150.08,SICONFI DCA Anexo I-E,observed
2022,26 - Transporte,Despesas Empenhadas,876268.16,SICONFI DCA Anexo I-E,observed
2022,27 - Desporto e Lazer,Despesas Empenhadas,340650.44,SICONFI DCA Anexo I-E,observed
2022,28 - Encargos Especiais,Despesas Empenhadas,11999973.74,SICONFI DCA Anexo I-E,observed
2022,01 - Legislativa,Despesas Liquidadas,7835514.71,SICONFI DCA Anexo I-E,observed
2022,04 - Administração,Despesas Liquidadas,29098050.53,SICONFI DCA Anexo I-E,observed
2022,06 - Segurança Pública,Despesas Liquidadas,511206.72,SICONFI DCA Anexo I-E,observed
2022,08 - Assistência Social,Despesas Liquidadas,6800874.7,SICONFI DCA Anexo I-E,observed
2022,09 - Previdência Social,Despesas Liquidadas,33244078.09,SICONFI DCA Anexo I-E,observed
2022,10 - Saúde,Despesas Liquidadas,85050802.58,SICONFI DCA Anexo I-E,observed
2022,11 - Trabalho,Despesas Liquidadas,1246.0,SICONFI DCA Anexo I-E,observed
2022,12 - Educação,Despesas Liquidadas,61979327.47,SICONFI DCA Anexo I-E,observed
2022,13 - Cultura,Despesas Liquidadas,334366.62,SICONFI DCA Anexo I-E,observed
2022,14 - Direitos da Cidadania,Despesas Liquidadas,1727.1,SICONFI DCA Anexo I-E,observed
2022,15 - Urbanismo,Despesas Liquidadas,16604069.29,SICONFI DCA Anexo I-E,observed
2022,16 - Habitação,Despesas Liquidadas,3782.0,SICONFI DCA Anexo I-E,observed
2022,17 - Saneamento,Despesas Liquidadas,17290.7,SICONFI DCA Anexo I-E,observed
2022,18 - Gestão Ambiental,Despesas Liquidadas,24964.16,SICONFI DCA Anexo I-E,observed
2022,20 - Agricultura,Despesas Liquidadas,1345236.83,SICONFI DCA Anexo I-E,observed
2022,23 - Comércio e Serviços,Despesas Liquidadas,219324.37,SICONFI DCA Anexo I-E,observed
2022,26 - Transporte,Despesas Liquidadas,628800.3,SICONFI DCA Anexo I-E,observed
2022,27 - Desporto e Lazer,Despesas Liquidadas,336980.34,SICONFI DCA Anexo I-E,observed
2022,28 - Encargos Especiais,Despesas Liquidadas,11999973.74,SICONFI DCA Anexo I-E,observed
2022,01 - Legislativa,Despesas Pagas,7835514.71,SICONFI DCA Anexo I-E,observed
2022,04 - Administração,Despesas Pagas,28811091.34,SICONFI DCA Anexo I-E,observed
2022,06 - Segurança Pública,Despesas Pagas,508113.02,SICONFI DCA Anexo I-E,observed
2022,08 - Assistência Social,Despesas Pagas,6697788.55,SICONFI DCA Anexo I-E,observed
2022,09 - Previdência Social,Despesas Pagas,33244078.09,SICONFI DCA Anexo I-E,observed
2022,10 - Saúde,Despesas Pagas,83395597.79,SICONFI DCA Anexo I-E,observed
2022,11 - Trabalho,Despesas Pagas,1246.0,SICONFI DCA Anexo I-E,observed
2022,12 - Educação,Despesas Pagas,61116408.44,SICONFI DCA Anexo I-E,observed
2022,13 - Cultura,Despesas Pagas,333486.62,SICONFI DCA Anexo I-E,observed
2022,14 - Direitos da Cidadania,Despesas Pagas,1727.1,SICONFI DCA Anexo I-E,observed
2022,15 - Urbanismo,Despesas Pagas,16583212.94,SICONFI DCA Anexo I-E,observed
2022,16 - Habitação,Despesas Pagas,3782.0,SICONFI DCA Anexo I-E,observed
2022,17 - Saneamento,Despesas Pagas,17290.7,SICONFI DCA Anexo I-E,observed
2022,18 - Gestão Ambiental,Despesas Pagas,24964.16,SICONFI DCA Anexo I-E,observed
2022,20 - Agricultura,Despesas Pagas,1345236.83,SICONFI DCA Anexo I-E,observed
2022,23 - Comércio e Serviços,Despesas Pagas,217039.37,SICONFI DCA Anexo I-E,observed
2022,26 - Transporte,Despesas Pagas,628800.3,SICONFI DCA Anexo I-E,observed
2022,27 - Desporto e Lazer,Despesas Pagas,336299.34,SICONFI DCA Anexo I-E,observed
2022,28 - Encargos Especiais,Despesas Pagas,11704046.67,SICONFI DCA Anexo I-E,observed
2023,01 - Legislativa,Despesas Empenhadas,8929483.91,SICONFI DCA Anexo I-E,observed
2023,04 - Administração,Despesas Empenhadas,33314630.26,SICONFI DCA Anexo I-E,observed
2023,06 - Segurança Pública,Despesas Empenhadas,896277.87,SICONFI DCA Anexo I-E,observed
2023,08 - Assistência Social,Despesas Empenhadas,9037259.71,SICONFI DCA Anexo I-E,observed
2023,09 - Previdência Social,Despesas Empenhadas,39028115.18,SICONFI DCA Anexo I-E,observed
2023,10 - Saúde,Despesas Empenhadas,101808025.95,SICONFI DCA Anexo I-E,observed
2023,11 - Trabalho,Despesas Empenhadas,301.3,SICONFI DCA Anexo I-E,observed
2023,12 - Educação,Despesas Empenhadas,68125640.73,SICONFI DCA Anexo I-E,observed
2023,13 - Cultura,Despesas Empenhadas,957269.42,SICONFI DCA Anexo I-E,observed
2023,14 - Direitos da Cidadania,Despesas Empenhadas,43909.63,SICONFI DCA Anexo I-E,observed
2023,15 - Urbanismo,Despesas Empenhadas,17054318.04,SICONFI DCA Anexo I-E,observed
2023,16 - Habitação,Despesas Empenhadas,534482.25,SICONFI DCA Anexo I-E,observed
2023,17 - Saneamento,Despesas Empenhadas,46078.0,SICONFI DCA Anexo I-E,observed
2023,18 - Gestão Ambiental,Despesas Empenhadas,66575.43,SICONFI DCA Anexo I-E,observed
2023,20 - Agricultura,Despesas Empenhadas,234734.3,SICONFI DCA Anexo I-E,observed
2023,23 - Comércio e Serviços,Despesas Empenhadas,391944.83,SICONFI DCA Anexo I-E,observed
2023,26 - Transporte,Despesas Empenhadas,577225.66,SICONFI DCA Anexo I-E,observed
2023,27 - Desporto e Lazer,Despesas Empenhadas,1479421.25,SICONFI DCA Anexo I-E,observed
2023,28 - Encargos Especiais,Despesas Empenhadas,15700304.34,SICONFI DCA Anexo I-E,observed
2023,01 - Legislativa,Despesas Liquidadas,8605807.98,SICONFI DCA Anexo I-E,observed
2023,04 - Administração,Despesas Liquidadas,32384066.23,SICONFI DCA Anexo I-E,observed
2023,06 - Segurança Pública,Despesas Liquidadas,859528.61,SICONFI DCA Anexo I-E,observed
2023,08 - Assistência Social,Despesas Liquidadas,8788778.84,SICONFI DCA Anexo I-E,observed
2023,09 - Previdência Social,Despesas Liquidadas,39028115.18,SICONFI DCA Anexo I-E,observed
2023,10 - Saúde,Despesas Liquidadas,98319112.32,SICONFI DCA Anexo I-E,observed
2023,11 - Trabalho,Despesas Liquidadas,301.3,SICONFI DCA Anexo I-E,observed
2023,12 - Educação,Despesas Liquidadas,67305393.2,SICONFI DCA Anexo I-E,observed
2023,13 - Cultura,Despesas Liquidadas,944739.05,SICONFI DCA Anexo I-E,observed
2023,14 - Direitos da Cidadania,Despesas Liquidadas,19678.01,SICONFI DCA Anexo I-E,observed
2023,15 - Urbanismo,Despesas Liquidadas,14133171.97,SICONFI DCA Anexo I-E,observed
2023,16 - Habitação,Despesas Liquidadas,534482.25,SICONFI DCA Anexo I-E,observed
2023,17 - Saneamento,Despesas Liquidadas,46078.0,SICONFI DCA Anexo I-E,observed
2023,18 - Gestão Ambiental,Despesas Liquidadas,65193.83,SICONFI DCA Anexo I-E,observed
2023,20 - Agricultura,Despesas Liquidadas,115448.75,SICONFI DCA Anexo I-E,observed
2023,23 - Comércio e Serviços,Despesas Liquidadas,381944.83,SICONFI DCA Anexo I-E,observed
2023,26 - Transporte,Despesas Liquidadas,545037.68,SICONFI DCA Anexo I-E,observed
2023,27 - Desporto e Lazer,Despesas Liquidadas,670620.93,SICONFI DCA Anexo I-E,observed
2023,28 - Encargos Especiais,Despesas Liquidadas,15700304.34,SICONFI DCA Anexo I-E,observed
2023,01 - Legislativa,Despesas Pagas,8605807.98,SICONFI DCA Anexo I-E,observed
2023,04 - Administração,Despesas Pagas,32062895.44,SICONFI DCA Anexo I-E,observed
2023,06 - Segurança Pública,Despesas Pagas,857108.72,SICONFI DCA Anexo I-E,observed
2023,08 - Assistência Social,Despesas Pagas,8716681.75,SICONFI DCA Anexo I-E,observed
2023,09 - Previdência Social,Despesas Pagas,39028115.18,SICONFI DCA Anexo I-E,observed
2023,10 - Saúde,Despesas Pagas,97386237.4,SICONFI DCA Anexo I-E,observed
2023,11 - Trabalho,Despesas Pagas,301.3,SICONFI DCA Anexo I-E,observed
2023,12 - Educação,Despesas Pagas,66633162.79,SICONFI DCA Anexo I-E,observed
2023,13 - Cultura,Despesas Pagas,869674.09,SICONFI DCA Anexo I-E,observed
2023,14 - Direitos da Cidadania,Despesas Pagas,19678.01,SICONFI DCA Anexo I-E,observed
2023,15 - Urbanismo,Despesas Pagas,14020524.51,SICONFI DCA Anexo I-E,observed
2023,16 - Habitação,Despesas Pagas,534482.25,SICONFI DCA Anexo I-E,observed
2023,17 - Saneamento,Despesas Pagas,46078.0,SICONFI DCA Anexo I-E,observed
2023,18 - Gestão Ambiental,Despesas Pagas,64897.67,SICONFI DCA Anexo I-E,observed
2023,20 - Agricultura,Despesas Pagas,115448.75,SICONFI DCA Anexo I-E,observed
2023,23 - Comércio e Serviços,Despesas Pagas,381944.83,SICONFI DCA Anexo I-E,observed
2023,26 - Transporte,Despesas Pagas,529884.15,SICONFI DCA Anexo I-E,observed
2023,27 - Desporto e Lazer,Despesas Pagas,670620.93,SICONFI DCA Anexo I-E,observed
2023,28 - Encargos Especiais,Despesas Pagas,15246572.68,SICONFI DCA Anexo I-E,observed
2024,01 - Legislativa,Despesas Empenhadas,9349374.09,SICONFI DCA Anexo I-E,observed
2024,04 - Administração,Despesas Empenhadas,34884028.93,SICONFI DCA Anexo I-E,observed
2024,06 - Segurança Pública,Despesas Empenhadas,1771110.6,SICONFI DCA Anexo I-E,observed
2024,08 - Assistência Social,Despesas Empenhadas,11012306.03,SICONFI DCA Anexo I-E,observed
2024,09 - Previdência Social,Despesas Empenhadas,43523882.94,SICONFI DCA Anexo I-E,observed
2024,10 - Saúde,Despesas Empenhadas,107103729.92,SICONFI DCA Anexo I-E,observed
2024,11 - Trabalho,Despesas Empenhadas,201257.65,SICONFI DCA Anexo I-E,observed
2024,12 - Educação,Despesas Empenhadas,74875830.59,SICONFI DCA Anexo I-E,observed
2024,13 - Cultura,Despesas Empenhadas,1732363.1,SICONFI DCA Anexo I-E,observed
2024,14 - Direitos da Cidadania,Despesas Empenhadas,17692.96,SICONFI DCA Anexo I-E,observed
2024,15 - Urbanismo,Despesas Empenhadas,30889247.73,SICONFI DCA Anexo I-E,observed
2024,16 - Habitação,Despesas Empenhadas,1940879.25,SICONFI DCA Anexo I-E,observed
2024,17 - Saneamento,Despesas Empenhadas,22218.3,SICONFI DCA Anexo I-E,observed
2024,18 - Gestão Ambiental,Despesas Empenhadas,82909.67,SICONFI DCA Anexo I-E,observed
2024,20 - Agricultura,Despesas Empenhadas,181262.97,SICONFI DCA Anexo I-E,observed
2024,23 - Comércio e Serviços,Despesas Empenhadas,572966.08,SICONFI DCA Anexo I-E,observed
2024,26 - Transporte,Despesas Empenhadas,4985183.47,SICONFI DCA Anexo I-E,observed
2024,27 - Desporto e Lazer,Despesas Empenhadas,395339.43,SICONFI DCA Anexo I-E,observed
2024,28 - Encargos Especiais,Despesas Empenhadas,19702679.28,SICONFI DCA Anexo I-E,observed
2024,01 - Legislativa,Despesas Liquidadas,8998534.91,SICONFI DCA Anexo I-E,observed
2024,04 - Administração,Despesas Liquidadas,34249299.98,SICONFI DCA Anexo I-E,observed
2024,06 - Segurança Pública,Despesas Liquidadas,1750558.64,SICONFI DCA Anexo I-E,observed
2024,08 - Assistência Social,Despesas Liquidadas,10384353.88,SICONFI DCA Anexo I-E,observed
2024,09 - Previdência Social,Despesas Liquidadas,43523882.94,SICONFI DCA Anexo I-E,observed
2024,10 - Saúde,Despesas Liquidadas,103205182.04,SICONFI DCA Anexo I-E,observed
2024,11 - Trabalho,Despesas Liquidadas,146827.17,SICONFI DCA Anexo I-E,observed
2024,12 - Educação,Despesas Liquidadas,73280720.65,SICONFI DCA Anexo I-E,observed
2024,13 - Cultura,Despesas Liquidadas,1707628.22,SICONFI DCA Anexo I-E,observed
2024,14 - Direitos da Cidadania,Despesas Liquidadas,17495.59,SICONFI DCA Anexo I-E,observed
2024,15 - Urbanismo,Despesas Liquidadas,26356269.57,SICONFI DCA Anexo I-E,observed
2024,16 - Habitação,Despesas Liquidadas,41129.18,SICONFI DCA Anexo I-E,observed
2024,17 - Saneamento,Despesas Liquidadas,22202.8,SICONFI DCA Anexo I-E,observed
2024,18 - Gestão Ambiental,Despesas Liquidadas,26023.69,SICONFI DCA Anexo I-E,observed
2024,20 - Agricultura,Despesas Liquidadas,178514.79,SICONFI DCA Anexo I-E,observed
2024,23 - Comércio e Serviços,Despesas Liquidadas,534027.32,SICONFI DCA Anexo I-E,observed
2024,26 - Transporte,Despesas Liquidadas,770536.38,SICONFI DCA Anexo I-E,observed
2024,27 - Desporto e Lazer,Despesas Liquidadas,163914.85,SICONFI DCA Anexo I-E,observed
2024,28 - Encargos Especiais,Despesas Liquidadas,19702679.28,SICONFI DCA Anexo I-E,observed
2024,01 - Legislativa,Despesas Pagas,8998534.91,SICONFI DCA Anexo I-E,observed
2024,04 - Administração,Despesas Pagas,33893204.83,SICONFI DCA Anexo I-E,observed
2024,06 - Segurança Pública,Despesas Pagas,1740697.17,SICONFI DCA Anexo I-E,observed
2024,08 - Assistência Social,Despesas Pagas,10294970.87,SICONFI DCA Anexo I-E,observed
2024,09 - Previdência Social,Despesas Pagas,43523882.94,SICONFI DCA Anexo I-E,observed
2024,10 - Saúde,Despesas Pagas,102645810.51,SICONFI DCA Anexo I-E,observed
2024,11 - Trabalho,Despesas Pagas,146827.17,SICONFI DCA Anexo I-E,observed
2024,12 - Educação,Despesas Pagas,72135649.9,SICONFI DCA Anexo I-E,observed
2024,13 - Cultura,Despesas Pagas,1692207.52,SICONFI DCA Anexo I-E,observed
2024,14 - Direitos da Cidadania,Despesas Pagas,17495.59,SICONFI DCA Anexo I-E,observed
2024,15 - Urbanismo,Despesas Pagas,26267384.78,SICONFI DCA Anexo I-E,observed
2024,16 - Habitação,Despesas Pagas,41129.18,SICONFI DCA Anexo I-E,observed
2024,17 - Saneamento,Despesas Pagas,22202.8,SICONFI DCA Anexo I-E,observed
2024,18 - Gestão Ambiental,Despesas Pagas,26023.69,SICONFI DCA Anexo I-E,observed
2024,20 - Agricultura,Despesas Pagas,178514.79,SICONFI DCA Anexo I-E,observed
2024,23 - Comércio e Serviços,Despesas Pagas,534027.32,SICONFI DCA Anexo I-E,observed
2024,26 - Transporte,Despesas Pagas,770536.38,SICONFI DCA Anexo I-E,observed
2024,27 - Desporto e Lazer,Despesas Pagas,163914.85,SICONFI DCA Anexo I-E,observed
2024,28 - Encargos Especiais,Despesas Pagas,19191835.4,SICONFI DCA Anexo I-E,observed
2025,01 - Legislativa,Despesas Empenhadas,10046709.34,SICONFI DCA Anexo I-E,observed
2025,04 - Administração,Despesas Empenhadas,41590169.84,SICONFI DCA Anexo I-E,observed
2025,06 - Segurança Pública,Despesas Empenhadas,1065304.59,SICONFI DCA Anexo I-E,observed
2025,08 - Assistência Social,Despesas Empenhadas,13055801.61,SICONFI DCA Anexo I-E,observed
2025,09 - Previdência Social,Despesas Empenhadas,47393550.43,SICONFI DCA Anexo I-E,observed
2025,10 - Saúde,Despesas Empenhadas,119333046.2,SICONFI DCA Anexo I-E,observed
2025,12 - Educação,Despesas Empenhadas,79333187.38,SICONFI DCA Anexo I-E,observed
2025,13 - Cultura,Despesas Empenhadas,4041018.58,SICONFI DCA Anexo I-E,observed
2025,14 - Direitos da Cidadania,Despesas Empenhadas,259.99,SICONFI DCA Anexo I-E,observed
2025,15 - Urbanismo,Despesas Empenhadas,19463464.92,SICONFI DCA Anexo I-E,observed
2025,16 - Habitação,Despesas Empenhadas,6819.2,SICONFI DCA Anexo I-E,observed
2025,17 - Saneamento,Despesas Empenhadas,23139.51,SICONFI DCA Anexo I-E,observed
2025,18 - Gestão Ambiental,Despesas Empenhadas,369009.52,SICONFI DCA Anexo I-E,observed
2025,20 - Agricultura,Despesas Empenhadas,228008.46,SICONFI DCA Anexo I-E,observed
2025,23 - Comércio e Serviços,Despesas Empenhadas,1270894.44,SICONFI DCA Anexo I-E,observed
2025,26 - Transporte,Despesas Empenhadas,6355710.15,SICONFI DCA Anexo I-E,observed
2025,27 - Desporto e Lazer,Despesas Empenhadas,1640102.26,SICONFI DCA Anexo I-E,observed
2025,28 - Encargos Especiais,Despesas Empenhadas,24653199.67,SICONFI DCA Anexo I-E,observed
2025,01 - Legislativa,Despesas Liquidadas,9498302.17,SICONFI DCA Anexo I-E,observed
2025,04 - Administração,Despesas Liquidadas,37976328.25,SICONFI DCA Anexo I-E,observed
2025,06 - Segurança Pública,Despesas Liquidadas,1038510.48,SICONFI DCA Anexo I-E,observed
2025,08 - Assistência Social,Despesas Liquidadas,12365355.21,SICONFI DCA Anexo I-E,observed
2025,09 - Previdência Social,Despesas Liquidadas,47393550.43,SICONFI DCA Anexo I-E,observed
2025,10 - Saúde,Despesas Liquidadas,114605804.54,SICONFI DCA Anexo I-E,observed
2025,12 - Educação,Despesas Liquidadas,77696933.24,SICONFI DCA Anexo I-E,observed
2025,13 - Cultura,Despesas Liquidadas,2708842.82,SICONFI DCA Anexo I-E,observed
2025,14 - Direitos da Cidadania,Despesas Liquidadas,259.99,SICONFI DCA Anexo I-E,observed
2025,15 - Urbanismo,Despesas Liquidadas,16319440.28,SICONFI DCA Anexo I-E,observed
2025,16 - Habitação,Despesas Liquidadas,6819.2,SICONFI DCA Anexo I-E,observed
2025,17 - Saneamento,Despesas Liquidadas,21389.51,SICONFI DCA Anexo I-E,observed
2025,18 - Gestão Ambiental,Despesas Liquidadas,369009.52,SICONFI DCA Anexo I-E,observed
2025,20 - Agricultura,Despesas Liquidadas,228008.46,SICONFI DCA Anexo I-E,observed
2025,23 - Comércio e Serviços,Despesas Liquidadas,1101084.92,SICONFI DCA Anexo I-E,observed
2025,26 - Transporte,Despesas Liquidadas,1664673.82,SICONFI DCA Anexo I-E,observed
2025,27 - Desporto e Lazer,Despesas Liquidadas,444063.91,SICONFI DCA Anexo I-E,observed
2025,28 - Encargos Especiais,Despesas Liquidadas,24653199.67,SICONFI DCA Anexo I-E,observed
2025,01 - Legislativa,Despesas Pagas,9498302.17,SICONFI DCA Anexo I-E,observed
2025,04 - Administração,Despesas Pagas,37458060.25,SICONFI DCA Anexo I-E,observed
2025,06 - Segurança Pública,Despesas Pagas,1036587.39,SICONFI DCA Anexo I-E,observed
2025,08 - Assistência Social,Despesas Pagas,12248842.58,SICONFI DCA Anexo I-E,observed
2025,09 - Previdência Social,Despesas Pagas,47393550.43,SICONFI DCA Anexo I-E,observed
2025,10 - Saúde,Despesas Pagas,113877735.35,SICONFI DCA Anexo I-E,observed
2025,12 - Educação,Despesas Pagas,77511917.18,SICONFI DCA Anexo I-E,observed
2025,13 - Cultura,Despesas Pagas,2545101.44,SICONFI DCA Anexo I-E,observed
2025,14 - Direitos da Cidadania,Despesas Pagas,259.99,SICONFI DCA Anexo I-E,observed
2025,15 - Urbanismo,Despesas Pagas,15981247.3,SICONFI DCA Anexo I-E,observed
2025,16 - Habitação,Despesas Pagas,6819.2,SICONFI DCA Anexo I-E,observed
2025,17 - Saneamento,Despesas Pagas,21389.51,SICONFI DCA Anexo I-E,observed
2025,18 - Gestão Ambiental,Despesas Pagas,369009.52,SICONFI DCA Anexo I-E,observed
2025,20 - Agricultura,Despesas Pagas,228008.46,SICONFI DCA Anexo I-E,observed
2025,23 - Comércio e Serviços,Despesas Pagas,1100871.82,SICONFI DCA Anexo I-E,observed
2025,26 - Transporte,Despesas Pagas,1644031.46,SICONFI DCA Anexo I-E,observed
2025,27 - Desporto e Lazer,Despesas Pagas,440099.91,SICONFI DCA Anexo I-E,observed
2025,28 - Encargos Especiais,Despesas Pagas,24178216.43,SICONFI DCA Anexo I-E,observed
