funcao_acao,territorial_class,vendors,empenhos,pago_R$,share_within_funcao_acao
SAUDE | ASSISTÊNCIA À SAÚDE - MÉDIA E ALTA COMPL,LOCAL_EXACT_ACTIVE,26,105,30354757.27,0.9296630775601598
SAUDE | ASSISTÊNCIA À SAÚDE - MÉDIA E ALTA COMPL,ROOT_WITH_LOCAL_ACTIVE_FOOTPRINT,5,21,277105.52,0.008486800544661655
SAUDE | ASSISTÊNCIA À SAÚDE - MÉDIA E ALTA COMPL,EXTERNAL_EXACT_ACTIVE_NO_LOCAL_FOOTPRINT,59,111,2019490.16,0.06185012189517861
URBANISMO | MANUT. DAS ATIV. DOS SERV. URBANOS,LOCAL_EXACT_ACTIVE,8,31,1372978.2,0.26247596206303764
URBANISMO | MANUT. DAS ATIV. DOS SERV. URBANOS,ROOT_WITH_LOCAL_ACTIVE_FOOTPRINT,1,15,3797003.02,0.7258833538877452
URBANISMO | MANUT. DAS ATIV. DOS SERV. URBANOS,EXTERNAL_EXACT_ACTIVE_NO_LOCAL_FOOTPRINT,23,29,60890.93,0.011640684049217299
URBANISMO | MANUTENÇÃO DO FUNDO MUNICIPAL DE ILUMINA,LOCAL_EXACT_ACTIVE,17,101,694232.04,0.19375336931662085
URBANISMO | MANUTENÇÃO DO FUNDO MUNICIPAL DE ILUMINA,ROOT_WITH_LOCAL_ACTIVE_FOOTPRINT,3,7,1390455.6,0.3880625523782561
URBANISMO | MANUTENÇÃO DO FUNDO MUNICIPAL DE ILUMINA,EXTERNAL_EXACT_ACTIVE_NO_LOCAL_FOOTPRINT,36,55,1498383.16,0.41818407830512305
SAUDE | TRANSPORTE SANITÁRIO ELETIVO,LOCAL_EXACT_ACTIVE,8,56,429168.08,0.14139092605728512
SAUDE | TRANSPORTE SANITÁRIO ELETIVO,EXTERNAL_EXACT_ACTIVE_NO_LOCAL_FOOTPRINT,9,33,2606161.64,0.8586090739427148
ADMINISTRAÇÃO | MANUTENÇÃO DAS ATIVIDADES DA SECRETARIA,LOCAL_EXACT_ACTIVE,28,701,1500340.54,0.5729185230184581
ADMINISTRAÇÃO | MANUTENÇÃO DAS ATIVIDADES DA SECRETARIA,ROOT_WITH_LOCAL_ACTIVE_FOOTPRINT,6,102,719993.67,0.2749360555164622
ADMINISTRAÇÃO | MANUTENÇÃO DAS ATIVIDADES DA SECRETARIA,EXTERNAL_EXACT_ACTIVE_NO_LOCAL_FOOTPRINT,72,298,398433.52,0.15214542146507967
EDUCAÇÃO | MANUTENÇÃO DO TRANSPORTE ESCOLAR - ENSIN,LOCAL_EXACT_ACTIVE,27,178,2143203.82,0.826135798628355
EDUCAÇÃO | MANUTENÇÃO DO TRANSPORTE ESCOLAR - ENSIN,ROOT_WITH_LOCAL_ACTIVE_FOOTPRINT,1,6,245775.11,0.09473836080733647
EDUCAÇÃO | MANUTENÇÃO DO TRANSPORTE ESCOLAR - ENSIN,EXTERNAL_EXACT_ACTIVE_NO_LOCAL_FOOTPRINT,10,25,205272.31,0.07912584056430864
"URBANISMO | PAVIMENTAÇÃO, CALÇAMENTO E DRENAGENS",LOCAL_EXACT_ACTIVE,3,8,426765.4,0.17937421894908626
"URBANISMO | PAVIMENTAÇÃO, CALÇAMENTO E DRENAGENS",ROOT_WITH_LOCAL_ACTIVE_FOOTPRINT,1,9,1880196.43,0.7902673602454892
"URBANISMO | PAVIMENTAÇÃO, CALÇAMENTO E DRENAGENS",EXTERNAL_EXACT_ACTIVE_NO_LOCAL_FOOTPRINT,3,4,72228.46,0.030358420805424516
ADMINISTRAÇÃO | RECADASTRAMENTO IMOBILIÁRIO,EXTERNAL_EXACT_ACTIVE_NO_LOCAL_FOOTPRINT,2,3,1378860.88,1.0
SAUDE | ATENÇÃO BÁSICA,LOCAL_EXACT_ACTIVE,15,47,143837.62,0.12577573736262362
SAUDE | ATENÇÃO BÁSICA,ROOT_WITH_LOCAL_ACTIVE_FOOTPRINT,3,13,307379.17,0.26878115583851614
SAUDE | ATENÇÃO BÁSICA,EXTERNAL_EXACT_ACTIVE_NO_LOCAL_FOOTPRINT,81,181,688287.08,0.6018579492914797
SAUDE | ATENÇÃO BÁSICA,EXTERNAL_EXACT_NONACTIVE_NO_LOCAL_FOOTPRINT,1,1,4100.0,0.0035851575073805944
SAUDE | FARMÁCIA BÁSICA E DEMANDAS JUDICIAIS,LOCAL_EXACT_ACTIVE,8,10,24168.31,0.024078999066143743
SAUDE | FARMÁCIA BÁSICA E DEMANDAS JUDICIAIS,EXTERNAL_EXACT_ACTIVE_NO_LOCAL_FOOTPRINT,37,171,979540.77,0.9759210009338563
EDUCAÇÃO | MANUTENÇÃO DA EDUCAÇÃO BÁSICA - SALÁRIO,LOCAL_EXACT_ACTIVE,17,36,492371.0,0.5307608872029064
EDUCAÇÃO | MANUTENÇÃO DA EDUCAÇÃO BÁSICA - SALÁRIO,ROOT_WITH_LOCAL_ACTIVE_FOOTPRINT,2,3,80955.28,0.08726731719894085
EDUCAÇÃO | MANUTENÇÃO DA EDUCAÇÃO BÁSICA - SALÁRIO,EXTERNAL_EXACT_ACTIVE_NO_LOCAL_FOOTPRINT,43,65,354343.81,0.38197179559815275
EDUCAÇÃO | MANUTENÇÃO DO ENSINO FUNDAMENTAL - MDE,LOCAL_EXACT_ACTIVE,9,19,462865.64,0.5212539244049125
EDUCAÇÃO | MANUTENÇÃO DO ENSINO FUNDAMENTAL - MDE,ROOT_WITH_LOCAL_ACTIVE_FOOTPRINT,2,10,376741.16,0.4242652535946696
EDUCAÇÃO | MANUTENÇÃO DO ENSINO FUNDAMENTAL - MDE,EXTERNAL_EXACT_ACTIVE_NO_LOCAL_FOOTPRINT,11,13,48378.15,0.054480822000417914
ADMINISTRAÇÃO | AQUISIÇÃO DE COMBUSTÍVEIS E LUBRIFICANTE,LOCAL_EXACT_ACTIVE,6,9,311955.85,0.37339101652544143
ADMINISTRAÇÃO | AQUISIÇÃO DE COMBUSTÍVEIS E LUBRIFICANTE,EXTERNAL_EXACT_ACTIVE_NO_LOCAL_FOOTPRINT,5,17,523511.09,0.6266089834745585
ASSISTÊNCIA SOCIAL | BLOC PROT SOC ESPEC MÉDIA E ALTA COMPLEX,LOCAL_EXACT_ACTIVE,17,45,529328.09,0.6686574877358771
ASSISTÊNCIA SOCIAL | BLOC PROT SOC ESPEC MÉDIA E ALTA COMPLEX,ROOT_WITH_LOCAL_ACTIVE_FOOTPRINT,3,10,59513.18,0.07517820077519982
ASSISTÊNCIA SOCIAL | BLOC PROT SOC ESPEC MÉDIA E ALTA COMPLEX,EXTERNAL_EXACT_ACTIVE_NO_LOCAL_FOOTPRINT,38,81,202786.88,0.25616431148892316
"CULTURA | REALIZAÇÃO, FOMENTO E APOIO A EVENTOS E",LOCAL_EXACT_ACTIVE,5,19,704650.32,1.0
EDUCAÇÃO | MANUTENÇÃO DA EDUCAÇÃO INFANTIL - NOVOS,EXTERNAL_EXACT_ACTIVE_NO_LOCAL_FOOTPRINT,9,13,703369.29,1.0
TRANSPORTE | AQUISIÇÃO DE VEÍCULOS,EXTERNAL_EXACT_ACTIVE_NO_LOCAL_FOOTPRINT,1,3,675000.0,1.0
SAUDE | MANUTENÇÃO DO CER,LOCAL_EXACT_ACTIVE,5,17,68652.57,0.10318323467616866
SAUDE | MANUTENÇÃO DO CER,EXTERNAL_EXACT_ACTIVE_NO_LOCAL_FOOTPRINT,12,41,596693.6,0.8968167653238314
"URBANISMO | MANUTENÇÃO DE IMÓVEIS, VEÍCULOS E EQUIPA",LOCAL_EXACT_ACTIVE,19,126,287403.17,0.4542194801618116
"URBANISMO | MANUTENÇÃO DE IMÓVEIS, VEÍCULOS E EQUIPA",EXTERNAL_EXACT_ACTIVE_NO_LOCAL_FOOTPRINT,8,29,345337.57,0.5457805198381884
ASSISTÊNCIA SOCIAL | GESTÃO DE BENEFÍCIOS EVENTUAIS,LOCAL_EXACT_ACTIVE,2,7,92391.81,0.15252810253359253
ASSISTÊNCIA SOCIAL | GESTÃO DE BENEFÍCIOS EVENTUAIS,EXTERNAL_EXACT_ACTIVE_NO_LOCAL_FOOTPRINT,3,4,513344.5,0.8474718974664075
EDUCAÇÃO | INICIAÇÃO A EDUCAÇÃO ALIMENTAR E NUTRICI,LOCAL_EXACT_ACTIVE,2,12,178075.61,0.3553239902183727
EDUCAÇÃO | INICIAÇÃO A EDUCAÇÃO ALIMENTAR E NUTRICI,EXTERNAL_EXACT_ACTIVE_NO_LOCAL_FOOTPRINT,4,18,323088.44,0.6446760097816273
ADMINISTRAÇÃO | MANUTENÇÃO DO SISTEMA DE INFORMÁTICA,LOCAL_EXACT_ACTIVE,1,1,16122.0,0.03360701727528262
ADMINISTRAÇÃO | MANUTENÇÃO DO SISTEMA DE INFORMÁTICA,ROOT_WITH_LOCAL_ACTIVE_FOOTPRINT,1,8,232029.9,0.4836765201390708
ADMINISTRAÇÃO | MANUTENÇÃO DO SISTEMA DE INFORMÁTICA,EXTERNAL_EXACT_ACTIVE_NO_LOCAL_FOOTPRINT,4,6,231569.34,0.4827164625856466
SAUDE | MANUTENÇÃO DO CAPS AD E AÇÕES PARA RECUP,LOCAL_EXACT_ACTIVE,8,18,407992.38,0.8762870303424561
SAUDE | MANUTENÇÃO DO CAPS AD E AÇÕES PARA RECUP,ROOT_WITH_LOCAL_ACTIVE_FOOTPRINT,1,3,6727.72,0.01444981344939714
SAUDE | MANUTENÇÃO DO CAPS AD E AÇÕES PARA RECUP,EXTERNAL_EXACT_ACTIVE_NO_LOCAL_FOOTPRINT,10,22,50872.07,0.10926315620814672
ASSISTÊNCIA SOCIAL | BLOCO DE PROTEÇÃO SOCIAL BÁSICA,LOCAL_EXACT_ACTIVE,20,40,173189.69,0.391582283988986
ASSISTÊNCIA SOCIAL | BLOCO DE PROTEÇÃO SOCIAL BÁSICA,ROOT_WITH_LOCAL_ACTIVE_FOOTPRINT,4,17,150188.08,0.33957559133179654
ASSISTÊNCIA SOCIAL | BLOCO DE PROTEÇÃO SOCIAL BÁSICA,EXTERNAL_EXACT_ACTIVE_NO_LOCAL_FOOTPRINT,39,81,118903.96,0.2688421246792175
SAUDE | PROGRAMA DE VIGILÂNCIA E PROMOÇÃO DA SAÚ,LOCAL_EXACT_ACTIVE,1,2,905.33,0.002156758741783928
SAUDE | PROGRAMA DE VIGILÂNCIA E PROMOÇÃO DA SAÚ,EXTERNAL_EXACT_ACTIVE_NO_LOCAL_FOOTPRINT,22,25,418858.82,0.997843241258216
EDUCAÇÃO | MANUTENÇÃO DA EDUCAÇÃO INFANTIL,LOCAL_EXACT_ACTIVE,4,5,85788.64,0.22676983258390254
EDUCAÇÃO | MANUTENÇÃO DA EDUCAÇÃO INFANTIL,ROOT_WITH_LOCAL_ACTIVE_FOOTPRINT,2,7,182691.31,0.48291799221008563
EDUCAÇÃO | MANUTENÇÃO DA EDUCAÇÃO INFANTIL,EXTERNAL_EXACT_ACTIVE_NO_LOCAL_FOOTPRINT,17,17,109827.16,0.2903121752060119
EDUCAÇÃO | INICIAÇÃO À EDUCAÇÃO ALIMENTAR E NUTRICI,LOCAL_EXACT_ACTIVE,2,13,148945.41,0.40399700563760665
EDUCAÇÃO | INICIAÇÃO À EDUCAÇÃO ALIMENTAR E NUTRICI,EXTERNAL_EXACT_ACTIVE_NO_LOCAL_FOOTPRINT,3,14,219734.08,0.5960029943623933
LEGISLATIVA | MANUTENÇÃO DAS ATIVIDADES ADMINISTRATIVA,LOCAL_EXACT_ACTIVE,38,83,157838.59,0.42959708093470106
LEGISLATIVA | MANUTENÇÃO DAS ATIVIDADES ADMINISTRATIVA,LOCAL_EXACT_NONACTIVE_SNAPSHOT,2,2,369.0,0.0010043255129490493
LEGISLATIVA | MANUTENÇÃO DAS ATIVIDADES ADMINISTRATIVA,ROOT_WITH_LOCAL_ACTIVE_FOOTPRINT,5,18,79301.16,0.21583788128578488
LEGISLATIVA | MANUTENÇÃO DAS ATIVIDADES ADMINISTRATIVA,EXTERNAL_EXACT_ACTIVE_NO_LOCAL_FOOTPRINT,14,24,129902.01,0.35356071226656505
ADMINISTRAÇÃO | MANUTENÇÃO DAS ATIVIDADES DO GABINETE DO,LOCAL_EXACT_ACTIVE,8,10,33321.1,0.09934194987976501
ADMINISTRAÇÃO | MANUTENÇÃO DAS ATIVIDADES DO GABINETE DO,ROOT_WITH_LOCAL_ACTIVE_FOOTPRINT,2,13,14611.41,0.04356176596489004
ADMINISTRAÇÃO | MANUTENÇÃO DAS ATIVIDADES DO GABINETE DO,EXTERNAL_EXACT_ACTIVE_NO_LOCAL_FOOTPRINT,35,50,287485.71,0.8570962841553449
EDUCAÇÃO | MANUTENÇÃO DAS ATIVIDADES DA SECRETARIA,LOCAL_EXACT_ACTIVE,8,12,82218.87,0.25646767845211427
EDUCAÇÃO | MANUTENÇÃO DAS ATIVIDADES DA SECRETARIA,ROOT_WITH_LOCAL_ACTIVE_FOOTPRINT,2,8,149729.84,0.4670565827504868
EDUCAÇÃO | MANUTENÇÃO DAS ATIVIDADES DA SECRETARIA,EXTERNAL_EXACT_ACTIVE_NO_LOCAL_FOOTPRINT,12,19,88633.09,0.27647573879739895
TRANSPORTE | VIAS URBANAS E RURAIS,LOCAL_EXACT_ACTIVE,2,6,105123.32,0.3578703979514337
TRANSPORTE | VIAS URBANAS E RURAIS,EXTERNAL_EXACT_ACTIVE_NO_LOCAL_FOOTPRINT,4,11,188623.58,0.6421296020485662
EDUCAÇÃO | MANUT.DA.EDUC.INFANT-FUNDEB 30%,LOCAL_EXACT_ACTIVE,2,2,51063.0,0.18028339477766706
EDUCAÇÃO | MANUT.DA.EDUC.INFANT-FUNDEB 30%,EXTERNAL_EXACT_ACTIVE_NO_LOCAL_FOOTPRINT,8,8,226324.4,0.7990625531797707
EDUCAÇÃO | MANUT.DA.EDUC.INFANT-FUNDEB 30%,EXTERNAL_EXACT_NONACTIVE_NO_LOCAL_FOOTPRINT,1,1,5850.0,0.020654052042562175
ADMINISTRAÇÃO | MANUTENÇÃO DO DEPARTAMENTO DE TRIBUTAÇÃO,EXTERNAL_EXACT_ACTIVE_NO_LOCAL_FOOTPRINT,5,14,263905.29,1.0
URBANISMO | MANUTENÇÃO E AMPLIAÇÃO DOS CEMITÉRIOS MU,LOCAL_EXACT_ACTIVE,5,13,255541.39,0.9717664849548519
URBANISMO | MANUTENÇÃO E AMPLIAÇÃO DOS CEMITÉRIOS MU,ROOT_WITH_LOCAL_ACTIVE_FOOTPRINT,1,2,1700.34,0.006466010946516855
URBANISMO | MANUTENÇÃO E AMPLIAÇÃO DOS CEMITÉRIOS MU,EXTERNAL_EXACT_ACTIVE_NO_LOCAL_FOOTPRINT,18,21,5724.11,0.02176750409863121
ASSISTÊNCIA SOCIAL | MANUTENÇÃO DO RESTAURANTE POPULAR,LOCAL_EXACT_ACTIVE,10,34,57176.55,0.21991095799578028
ASSISTÊNCIA SOCIAL | MANUTENÇÃO DO RESTAURANTE POPULAR,ROOT_WITH_LOCAL_ACTIVE_FOOTPRINT,1,2,2367.36,0.009105278396840846
ASSISTÊNCIA SOCIAL | MANUTENÇÃO DO RESTAURANTE POPULAR,EXTERNAL_EXACT_ACTIVE_NO_LOCAL_FOOTPRINT,42,69,200454.73,0.770983763607379
SEGURANÇA PÚBLICA | DEFESA CIVIL,LOCAL_EXACT_ACTIVE,4,13,251867.0,0.9794035821159017
SEGURANÇA PÚBLICA | DEFESA CIVIL,EXTERNAL_EXACT_ACTIVE_NO_LOCAL_FOOTPRINT,1,1,5296.65,0.020596417884098314
DESPORTO E LAZER | REALIZAÇÃO E APOIO ÀS FESTIVIDADES LIGAD,LOCAL_EXACT_ACTIVE,2,9,179101.0,0.7974185333101812
DESPORTO E LAZER | REALIZAÇÃO E APOIO ÀS FESTIVIDADES LIGAD,EXTERNAL_EXACT_ACTIVE_NO_LOCAL_FOOTPRINT,4,4,45500.0,0.20258146668981883
"URBANISMO | MANUTENÇÃO DE IMÓVEIS, VEÍCULOS E EQUIPAM",LOCAL_EXACT_ACTIVE,18,65,160598.68,0.7332238175881204
"URBANISMO | MANUTENÇÃO DE IMÓVEIS, VEÍCULOS E EQUIPAM",EXTERNAL_EXACT_ACTIVE_NO_LOCAL_FOOTPRINT,7,13,58432.23,0.26677618241187967
EDUCAÇÃO | MANUTENÇÃO DO TRANSPORTE ESCOLAR - EDUCA,LOCAL_EXACT_ACTIVE,14,27,203734.59,0.9585517232229083
EDUCAÇÃO | MANUTENÇÃO DO TRANSPORTE ESCOLAR - EDUCA,EXTERNAL_EXACT_ACTIVE_NO_LOCAL_FOOTPRINT,2,3,8809.59,0.0414482767770917
ADMINISTRAÇÃO | PUBLICIDADE INSTITUCIONAL,LOCAL_EXACT_ACTIVE,3,13,211302.53,1.0
EDUCAÇÃO | CONSTRUÇÃO DE CRECHES - TERMO DE COMPROM,LOCAL_EXACT_ACTIVE,1,2,203804.41,1.0
SEGURANÇA PÚBLICA | MANUTENÇÃO DOS SERVIÇOS DE SEGURANÇA NO,LOCAL_EXACT_ACTIVE,15,38,90268.71,0.4812050416423959
SEGURANÇA PÚBLICA | MANUTENÇÃO DOS SERVIÇOS DE SEGURANÇA NO,ROOT_WITH_LOCAL_ACTIVE_FOOTPRINT,1,2,1995.77,0.010639064034022915
SEGURANÇA PÚBLICA | MANUTENÇÃO DOS SERVIÇOS DE SEGURANÇA NO,EXTERNAL_EXACT_ACTIVE_NO_LOCAL_FOOTPRINT,20,28,95324.39,0.5081558943235811
LEGISLATIVA | MANUTENÇÃO DAS ATIVIDADES PARLAMENTARES,LOCAL_EXACT_ACTIVE,4,19,18885.18,0.1185193859718817
LEGISLATIVA | MANUTENÇÃO DAS ATIVIDADES PARLAMENTARES,ROOT_WITH_LOCAL_ACTIVE_FOOTPRINT,1,10,110975.65,0.6964596522686284
LEGISLATIVA | MANUTENÇÃO DAS ATIVIDADES PARLAMENTARES,EXTERNAL_EXACT_ACTIVE_NO_LOCAL_FOOTPRINT,3,3,29481.71,0.18502096175948995
AGRICULTURA | FOMENTO AO DESENVOLVIMENTO DA AGRICULTUR,EXTERNAL_EXACT_ACTIVE_NO_LOCAL_FOOTPRINT,2,3,133568.25,1.0
EDUCAÇÃO | PRÓ-INFÂNCIA,EXTERNAL_EXACT_ACTIVE_NO_LOCAL_FOOTPRINT,21,24,132278.47,1.0
HABITAÇÃO | MELHORIAS HABITACIONAIS,LOCAL_EXACT_ACTIVE,2,5,102283.88,0.8026193841236327
HABITAÇÃO | MELHORIAS HABITACIONAIS,EXTERNAL_EXACT_ACTIVE_NO_LOCAL_FOOTPRINT,9,11,25153.71,0.1973806158763674
EDUCAÇÃO | MANUT.DO ENS.FUND.FUNDEB 30%,LOCAL_EXACT_ACTIVE,8,10,55528.58,0.5481378089030005
EDUCAÇÃO | MANUT.DO ENS.FUND.FUNDEB 30%,EXTERNAL_EXACT_ACTIVE_NO_LOCAL_FOOTPRINT,5,6,45775.47,0.45186219109699965
ASSISTÊNCIA SOCIAL | FUNDO MUNICIPAL DO IDOSO,LOCAL_EXACT_ACTIVE,1,8,119.05,0.0014294431427433155
ASSISTÊNCIA SOCIAL | FUNDO MUNICIPAL DO IDOSO,EXTERNAL_EXACT_ACTIVE_NO_LOCAL_FOOTPRINT,1,3,83165.13,0.9985705568572566
ASSISTÊNCIA SOCIAL | MANUTENÇÃO DO FUNDO ESTADUAL DE ASSISTÊN,LOCAL_EXACT_ACTIVE,4,6,1834.07,0.02410133317073658
ASSISTÊNCIA SOCIAL | MANUTENÇÃO DO FUNDO ESTADUAL DE ASSISTÊN,EXTERNAL_EXACT_ACTIVE_NO_LOCAL_FOOTPRINT,13,14,74264.21,0.9758986668292633
LEGISLATIVA | DIVULGAÇÃO OFICIAL DA CÂMARA DE VEREADOR,LOCAL_EXACT_ACTIVE,3,3,67634.81,1.0
LEGISLATIVA | CAPACITAÇÃO DE AGENTES POLÍTICOS,LOCAL_EXACT_ACTIVE,1,4,4829.37,0.07184619872870684
LEGISLATIVA | CAPACITAÇÃO DE AGENTES POLÍTICOS,EXTERNAL_EXACT_ACTIVE_NO_LOCAL_FOOTPRINT,4,25,62388.8,0.9281538012712931
ASSISTÊNCIA SOCIAL | MANUTENÇÃO DO FUNDO MUNICIPAL DA CRIANÇA,LOCAL_EXACT_ACTIVE,4,20,14151.99,0.2200548613701597
ASSISTÊNCIA SOCIAL | MANUTENÇÃO DO FUNDO MUNICIPAL DA CRIANÇA,ROOT_WITH_LOCAL_ACTIVE_FOOTPRINT,1,1,12340.0,0.19187951583542462
ASSISTÊNCIA SOCIAL | MANUTENÇÃO DO FUNDO MUNICIPAL DA CRIANÇA,EXTERNAL_EXACT_ACTIVE_NO_LOCAL_FOOTPRINT,6,8,37819.2,0.5880656227944158
LEGISLATIVA | CAPACITAÇÃO DE AGENTES PÚBLICOS,LOCAL_EXACT_ACTIVE,1,1,1857.45,0.029132800997772358
LEGISLATIVA | CAPACITAÇÃO DE AGENTES PÚBLICOS,ROOT_WITH_LOCAL_ACTIVE_FOOTPRINT,1,1,818.78,0.012841990255972461
LEGISLATIVA | CAPACITAÇÃO DE AGENTES PÚBLICOS,EXTERNAL_EXACT_ACTIVE_NO_LOCAL_FOOTPRINT,3,22,61081.8,0.9580252087462552
PREVIDÊNCIA SOCIAL | MANUTENÇÃO ADMINISTRATIVA DO FUNDO DE PR,LOCAL_EXACT_ACTIVE,6,70,11451.72,0.18488503653877442
PREVIDÊNCIA SOCIAL | MANUTENÇÃO ADMINISTRATIVA DO FUNDO DE PR,EXTERNAL_EXACT_ACTIVE_NO_LOCAL_FOOTPRINT,8,46,50487.96,0.8151149634612256
CULTURA | REALIZAÇÃO E APOIO AOS FESTIVAIS DE MÚSI,LOCAL_EXACT_ACTIVE,1,2,637.86,0.010522641346956161
CULTURA | REALIZAÇÃO E APOIO AOS FESTIVAIS DE MÚSI,EXTERNAL_EXACT_ACTIVE_NO_LOCAL_FOOTPRINT,2,2,59980.0,0.9894773586530439
LEGISLATIVA | AQUISICAO DE EQUIPAMENTOS E MATERIAIS PE,LOCAL_EXACT_ACTIVE,4,4,44908.0,0.7821579918039568
LEGISLATIVA | AQUISICAO DE EQUIPAMENTOS E MATERIAIS PE,ROOT_WITH_LOCAL_ACTIVE_FOOTPRINT,1,1,3880.91,0.0675934081226484
LEGISLATIVA | AQUISICAO DE EQUIPAMENTOS E MATERIAIS PE,EXTERNAL_EXACT_ACTIVE_NO_LOCAL_FOOTPRINT,2,3,8626.6,0.1502486000733948
ADMINISTRAÇÃO | AQUISIÇÃO DE COMBUSTÍVEIS E LUBRIFICANTES,LOCAL_EXACT_ACTIVE,1,1,50450.96,1.0
GESTÃO AMBIENTAL | MANUT. DO DEPART. DO BEM-ESTAR ANIMAL,LOCAL_EXACT_ACTIVE,1,2,49293.85,1.0
ASSISTÊNCIA SOCIAL | PROCAD - SUAS,LOCAL_EXACT_ACTIVE,1,1,739.0,0.01563028434215644
ASSISTÊNCIA SOCIAL | PROCAD - SUAS,ROOT_WITH_LOCAL_ACTIVE_FOOTPRINT,1,1,884.16,0.018700503658945926
ASSISTÊNCIA SOCIAL | PROCAD - SUAS,EXTERNAL_EXACT_ACTIVE_NO_LOCAL_FOOTPRINT,5,6,45656.85,0.9656692119988975
SANEAMENTO | PROGRAMA DE SANEAMENTO BÁSICO RURAL,LOCAL_EXACT_ACTIVE,1,1,500.0,0.011574074074074073
SANEAMENTO | PROGRAMA DE SANEAMENTO BÁSICO RURAL,EXTERNAL_EXACT_ACTIVE_NO_LOCAL_FOOTPRINT,2,2,42700.0,0.9884259259259259
EDUCAÇÃO | MANUTENÇÃO DO TRANSPORTE ESCOLAR - EJA,LOCAL_EXACT_ACTIVE,1,1,42333.72,1.0
SAUDE | CONSTRUÇÃO E MANUTENÇÃO DO CAPS 1,LOCAL_EXACT_ACTIVE,5,19,21049.64,0.5109478207763433
SAUDE | CONSTRUÇÃO E MANUTENÇÃO DO CAPS 1,ROOT_WITH_LOCAL_ACTIVE_FOOTPRINT,1,3,4721.06,0.11459651180515976
SAUDE | CONSTRUÇÃO E MANUTENÇÃO DO CAPS 1,EXTERNAL_EXACT_ACTIVE_NO_LOCAL_FOOTPRINT,27,38,15426.54,0.3744556674184969
SAUDE | MANUTENÇÃO DAS ATIVIDADES DA SECRETARIA,LOCAL_EXACT_ACTIVE,1,1,690.0,0.016797615030798064
SAUDE | MANUTENÇÃO DAS ATIVIDADES DA SECRETARIA,ROOT_WITH_LOCAL_ACTIVE_FOOTPRINT,1,2,4012.56,0.0976832437217088
SAUDE | MANUTENÇÃO DAS ATIVIDADES DA SECRETARIA,EXTERNAL_EXACT_ACTIVE_NO_LOCAL_FOOTPRINT,14,17,36374.7,0.8855191412474932
DESPORTO E LAZER | PROMOÇÃO DE EVENTOS ESPORTIVOS E DE LAZE,LOCAL_EXACT_ACTIVE,2,3,22510.0,0.5648611686177086
DESPORTO E LAZER | PROMOÇÃO DE EVENTOS ESPORTIVOS E DE LAZE,EXTERNAL_EXACT_ACTIVE_NO_LOCAL_FOOTPRINT,2,2,17340.5,0.4351388313822913
EDUCAÇÃO | FORMAÇÃO DE PROFESSORES E PROFISSIONAIS,EXTERNAL_EXACT_ACTIVE_NO_LOCAL_FOOTPRINT,2,2,34980.0,1.0
CULTURA | MANUTENÇÃO DOS MUSEUS,LOCAL_EXACT_ACTIVE,1,4,13006.92,0.3741358823169011
CULTURA | MANUTENÇÃO DOS MUSEUS,ROOT_WITH_LOCAL_ACTIVE_FOOTPRINT,3,10,21758.31,0.625864117683099
SAUDE | PROGRAMA PRIMEIRA INFÂNCIA MELHOR - PIM,ROOT_WITH_LOCAL_ACTIVE_FOOTPRINT,1,6,27215.7,0.9861586241457165
SAUDE | PROGRAMA PRIMEIRA INFÂNCIA MELHOR - PIM,EXTERNAL_EXACT_ACTIVE_NO_LOCAL_FOOTPRINT,1,1,381.99,0.013841375854283458
ASSISTÊNCIA SOCIAL | EXECUÇÃO DE EMENDAS PARL P/ ASSIST SOCIAL,LOCAL_EXACT_ACTIVE,1,3,14316.95,0.5369161621067198
ASSISTÊNCIA SOCIAL | EXECUÇÃO DE EMENDAS PARL P/ ASSIST SOCIAL,EXTERNAL_EXACT_ACTIVE_NO_LOCAL_FOOTPRINT,3,3,12348.2,0.46308383789328017
ADMINISTRAÇÃO | REGULAÇÃO E MANUTENÇÃO DA AGESB,LOCAL_EXACT_ACTIVE,10,78,7335.03,0.32966352884600253
ADMINISTRAÇÃO | REGULAÇÃO E MANUTENÇÃO DA AGESB,ROOT_WITH_LOCAL_ACTIVE_FOOTPRINT,3,17,3970.56,0.17845173381632853
ADMINISTRAÇÃO | REGULAÇÃO E MANUTENÇÃO DA AGESB,EXTERNAL_EXACT_ACTIVE_NO_LOCAL_FOOTPRINT,2,7,10944.46,0.49188473733766885
CULTURA | LEI ALDIR BLANC,EXTERNAL_EXACT_ACTIVE_NO_LOCAL_FOOTPRINT,1,1,22000.0,1.0
LEGISLATIVA | MANUTENÇÃO DAS INSTALAÇÕES DA CÂMARA MUN,LOCAL_EXACT_ACTIVE,13,37,20461.45,0.93598345174103
LEGISLATIVA | MANUTENÇÃO DAS INSTALAÇÕES DA CÂMARA MUN,LOCAL_EXACT_NONACTIVE_SNAPSHOT,1,1,120.0,0.005489249990050735
LEGISLATIVA | MANUTENÇÃO DAS INSTALAÇÕES DA CÂMARA MUN,ROOT_WITH_LOCAL_ACTIVE_FOOTPRINT,1,2,216.78,0.009916330107026652
LEGISLATIVA | MANUTENÇÃO DAS INSTALAÇÕES DA CÂMARA MUN,EXTERNAL_EXACT_ACTIVE_NO_LOCAL_FOOTPRINT,2,5,1062.68,0.048610968161892615
ASSISTÊNCIA SOCIAL | MANUTENÇÃO DAS ATIVIDADES DO CONSELHO TU,LOCAL_EXACT_ACTIVE,8,13,11525.4,0.5474833266830076
ASSISTÊNCIA SOCIAL | MANUTENÇÃO DAS ATIVIDADES DO CONSELHO TU,ROOT_WITH_LOCAL_ACTIVE_FOOTPRINT,4,8,7623.01,0.36211071842520276
ASSISTÊNCIA SOCIAL | MANUTENÇÃO DAS ATIVIDADES DO CONSELHO TU,EXTERNAL_EXACT_ACTIVE_NO_LOCAL_FOOTPRINT,13,21,1903.19,0.0904059548917897
SAUDE | PROGRAMA SALVAR/SAMU,LOCAL_EXACT_ACTIVE,5,7,6899.24,0.34394015380305115
SAUDE | PROGRAMA SALVAR/SAMU,EXTERNAL_EXACT_ACTIVE_NO_LOCAL_FOOTPRINT,9,14,13160.18,0.6560598461969488
CULTURA | MANUTENÇÃO DO DEPARTAMENTO DE ASSUNTOS C,EXTERNAL_EXACT_ACTIVE_NO_LOCAL_FOOTPRINT,1,1,20000.0,1.0
ADMINISTRAÇÃO | AQUISIÇÃO DE EQUIPAMENTOS E MATERIAIS PE,LOCAL_EXACT_ACTIVE,1,1,195.0,0.010247059225374873
ADMINISTRAÇÃO | AQUISIÇÃO DE EQUIPAMENTOS E MATERIAIS PE,EXTERNAL_EXACT_ACTIVE_NO_LOCAL_FOOTPRINT,6,11,18834.85,0.9897529407746252
ADMINISTRAÇÃO | MANUTENÇÃO DAS ATIVIDADES DA CONSULTORIA,ROOT_WITH_LOCAL_ACTIVE_FOOTPRINT,2,10,14772.25,0.9358676680678258
ADMINISTRAÇÃO | MANUTENÇÃO DAS ATIVIDADES DA CONSULTORIA,EXTERNAL_EXACT_ACTIVE_NO_LOCAL_FOOTPRINT,1,1,1012.3,0.06413233193217417
TRANSPORTE | MANUT E CONSERV AEROPORTO SAO BORJA,LOCAL_EXACT_ACTIVE,3,4,13685.28,1.0
DESPORTO E LAZER | PROGRAMA DE INICIAÇÃO ESPORTIVA EDUCACIO,LOCAL_EXACT_ACTIVE,1,2,7024.0,0.5238292334597415
DESPORTO E LAZER | PROGRAMA DE INICIAÇÃO ESPORTIVA EDUCACIO,EXTERNAL_EXACT_ACTIVE_NO_LOCAL_FOOTPRINT,5,8,6384.95,0.4761707665402585
ASSISTÊNCIA SOCIAL | GESTÃO ADM DO FUNDO DE ASSIST SOCIAL,LOCAL_EXACT_ACTIVE,6,7,4975.39,0.3966426334687526
ASSISTÊNCIA SOCIAL | GESTÃO ADM DO FUNDO DE ASSIST SOCIAL,EXTERNAL_EXACT_ACTIVE_NO_LOCAL_FOOTPRINT,4,7,7568.37,0.6033573665312474
"CULTURA | FOMENTO DE ATIVIDADES ARTÍSTICAS, CULTUR",LOCAL_EXACT_ACTIVE,1,2,11400.0,1.0
CULTURA | MANUTENÇÃO DA BIBLIOTECA PÚBLICA MUNICIP,LOCAL_EXACT_ACTIVE,1,2,4307.22,0.4072328114363512
CULTURA | MANUTENÇÃO DA BIBLIOTECA PÚBLICA MUNICIP,ROOT_WITH_LOCAL_ACTIVE_FOOTPRINT,3,8,6269.58,0.5927671885636487
TRABALHO | APOIO À PARTICIPAÇÃO DO MUNICÍPIO EM FEI,LOCAL_EXACT_ACTIVE,1,2,10280.0,1.0
CULTURA | MANUTENÇÃO DA ESTAÇÃO FÉRREA - ESTAÇÃO D,LOCAL_EXACT_ACTIVE,1,3,5771.38,0.5755925340460862
CULTURA | MANUTENÇÃO DA ESTAÇÃO FÉRREA - ESTAÇÃO D,ROOT_WITH_LOCAL_ACTIVE_FOOTPRINT,3,10,4255.47,0.42440746595391377
ASSISTÊNCIA SOCIAL | BLOCO DE GESTÃO DO PROG BOLSA FAMIL E CAD ÚNICO,ROOT_WITH_LOCAL_ACTIVE_FOOTPRINT,1,1,1768.32,0.21543019765311294
ASSISTÊNCIA SOCIAL | BLOCO DE GESTÃO DO PROG BOLSA FAMIL E CAD ÚNICO,EXTERNAL_EXACT_ACTIVE_NO_LOCAL_FOOTPRINT,2,2,6440.0,0.7845698023468871
COMÉRCIO E SERVIÇOS | RECUPERAÇÃO E REVITALIZAÇÃO DE PONTOS TU,LOCAL_EXACT_ACTIVE,1,2,5771.38,0.7338838477345324
COMÉRCIO E SERVIÇOS | RECUPERAÇÃO E REVITALIZAÇÃO DE PONTOS TU,ROOT_WITH_LOCAL_ACTIVE_FOOTPRINT,2,4,2092.78,0.2661161522654676
DESPORTO E LAZER | PROMOÇÃO AO DESPORTO E LAZER,LOCAL_EXACT_ACTIVE,1,1,1500.0,0.23820829250707876
DESPORTO E LAZER | PROMOÇÃO AO DESPORTO E LAZER,EXTERNAL_EXACT_ACTIVE_NO_LOCAL_FOOTPRINT,5,6,4797.01,0.7617917074929212
COMÉRCIO E SERVIÇOS | FOMENTO AO TURISMO MUNICIPAL,LOCAL_EXACT_ACTIVE,1,2,1291.27,0.29689350166809597
COMÉRCIO E SERVIÇOS | FOMENTO AO TURISMO MUNICIPAL,EXTERNAL_EXACT_ACTIVE_NO_LOCAL_FOOTPRINT,1,2,3058.0,0.7031064983319039
"EDUCAÇÃO | CONSTRUÇÃO, REFORMA E AMPLIAÇÃO DE QUADR",EXTERNAL_EXACT_ACTIVE_NO_LOCAL_FOOTPRINT,1,1,4012.24,1.0
EDUCAÇÃO | MANUTENÇÃO DO CAM (CENTRO DE ATENDIMENTO,EXTERNAL_EXACT_ACTIVE_NO_LOCAL_FOOTPRINT,1,1,4005.0,1.0
SAUDE | MANUTENÇÃO DO CONSELHO MUNICIPAL DA SAÚD,LOCAL_EXACT_ACTIVE,3,4,2811.15,0.7488990891677834
SAUDE | MANUTENÇÃO DO CONSELHO MUNICIPAL DA SAÚD,EXTERNAL_EXACT_ACTIVE_NO_LOCAL_FOOTPRINT,4,4,942.56,0.25110091083221664
EDUCAÇÃO | FESTIVAL DE BANDAS ESCOLARES,LOCAL_EXACT_ACTIVE,1,1,3698.0,1.0
ADMINISTRAÇÃO | MANUTENÇÃO DAS ATIVIDADES DA CONTROLADOR,EXTERNAL_EXACT_ACTIVE_NO_LOCAL_FOOTPRINT,2,3,2498.0,1.0
GESTÃO AMBIENTAL | MANUTENÇÃO DO FUNDO MUNICIPAL DO MEIO AM,LOCAL_EXACT_ACTIVE,1,1,134.99,0.06010267187298252
GESTÃO AMBIENTAL | MANUTENÇÃO DO FUNDO MUNICIPAL DO MEIO AM,EXTERNAL_EXACT_ACTIVE_NO_LOCAL_FOOTPRINT,2,3,2111.0,0.9398973281270175
DESPORTO E LAZER | MANUTENÇÃO E IMPLANTAÇÃO DE UNIDADES ESP,EXTERNAL_EXACT_ACTIVE_NO_LOCAL_FOOTPRINT,12,12,1958.23,1.0
URBANISMO | GEOPROCESSAMENTO E TOPOGRAFIA,EXTERNAL_EXACT_ACTIVE_NO_LOCAL_FOOTPRINT,1,1,1349.0,1.0
SAUDE | PROGRAMA DE VIGILÂNCIA SANITÁRIA,EXTERNAL_EXACT_ACTIVE_NO_LOCAL_FOOTPRINT,2,2,1310.0,1.0
DESPORTO E LAZER | JOGOS DA PRIMAVERA,EXTERNAL_EXACT_ACTIVE_NO_LOCAL_FOOTPRINT,1,1,1300.0,1.0
ADMINISTRAÇÃO | MANUTENÇÃO DAS ATIVIDADES DO DEPART. DE,LOCAL_EXACT_ACTIVE,1,1,372.0,1.0
