funcao_subfuncao,territorial_class,vendors,empenhos,pago_R$,share_within_funcao_subfuncao
SAUDE | ASSISTÊNCIA HOSPITALAR E AMBULATORIAL,LOCAL_EXACT_ACTIVE,44,222,31288519.18,0.8484129983557605
SAUDE | ASSISTÊNCIA HOSPITALAR E AMBULATORIAL,ROOT_WITH_LOCAL_ACTIVE_FOOTPRINT,5,27,288554.3,0.00782437856656173
SAUDE | ASSISTÊNCIA HOSPITALAR E AMBULATORIAL,EXTERNAL_EXACT_ACTIVE_NO_LOCAL_FOOTPRINT,110,259,5301804.19,0.14376262307767781
URBANISMO | SERVIÇOS URBANOS,LOCAL_EXACT_ACTIVE,12,52,2055284.99,0.26105393209638006
URBANISMO | SERVIÇOS URBANOS,ROOT_WITH_LOCAL_ACTIVE_FOOTPRINT,3,26,5678899.79,0.7213107317836283
URBANISMO | SERVIÇOS URBANOS,EXTERNAL_EXACT_ACTIVE_NO_LOCAL_FOOTPRINT,36,54,138843.5,0.017635336119991685
URBANISMO | INFRA-ESTRUTURA URBANA,LOCAL_EXACT_ACTIVE,38,292,1142233.89,0.2574807473649498
URBANISMO | INFRA-ESTRUTURA URBANA,ROOT_WITH_LOCAL_ACTIVE_FOOTPRINT,3,7,1390455.6,0.3134345340303111
URBANISMO | INFRA-ESTRUTURA URBANA,EXTERNAL_EXACT_ACTIVE_NO_LOCAL_FOOTPRINT,45,98,1903501.96,0.42908471860473923
EDUCAÇÃO | ENSINO FUNDAMENTAL,LOCAL_EXACT_ACTIVE,47,221,2542929.27,0.6300111687512626
EDUCAÇÃO | ENSINO FUNDAMENTAL,ROOT_WITH_LOCAL_ACTIVE_FOOTPRINT,5,17,640271.13,0.15862728377379984
EDUCAÇÃO | ENSINO FUNDAMENTAL,EXTERNAL_EXACT_ACTIVE_NO_LOCAL_FOOTPRINT,67,121,853123.71,0.21136154747493754
ADMINISTRAÇÃO | ADMINISTRAÇÃO GERAL,LOCAL_EXACT_ACTIVE,43,793,1710893.67,0.44603571600998776
ADMINISTRAÇÃO | ADMINISTRAÇÃO GERAL,ROOT_WITH_LOCAL_ACTIVE_FOOTPRINT,9,135,739776.07,0.19286210175148102
ADMINISTRAÇÃO | ADMINISTRAÇÃO GERAL,EXTERNAL_EXACT_ACTIVE_NO_LOCAL_FOOTPRINT,87,330,1385107.55,0.3611021822385312
SAUDE | ATENÇÃO BÁSICA,LOCAL_EXACT_ACTIVE,20,57,168005.93,0.07724727945604237
SAUDE | ATENÇÃO BÁSICA,ROOT_WITH_LOCAL_ACTIVE_FOOTPRINT,4,19,334594.87,0.15384304248932276
SAUDE | ATENÇÃO BÁSICA,EXTERNAL_EXACT_ACTIVE_NO_LOCAL_FOOTPRINT,114,353,1668209.84,0.7670245431324939
SAUDE | ATENÇÃO BÁSICA,EXTERNAL_EXACT_NONACTIVE_NO_LOCAL_FOOTPRINT,1,1,4100.0,0.0018851349221409859
EDUCAÇÃO | EDUCAÇÃO INFANTIL,LOCAL_EXACT_ACTIVE,23,44,652266.56,0.3042864571836626
EDUCAÇÃO | EDUCAÇÃO INFANTIL,ROOT_WITH_LOCAL_ACTIVE_FOOTPRINT,2,7,182691.31,0.08522664641606374
EDUCAÇÃO | EDUCAÇÃO INFANTIL,EXTERNAL_EXACT_ACTIVE_NO_LOCAL_FOOTPRINT,35,52,1302785.92,0.6077578345662217
EDUCAÇÃO | EDUCAÇÃO INFANTIL,EXTERNAL_EXACT_NONACTIVE_NO_LOCAL_FOOTPRINT,1,1,5850.0,0.002729061834052057
ADMINISTRAÇÃO | ADMINISTRAÇÃO DE RECEITAS,EXTERNAL_EXACT_ACTIVE_NO_LOCAL_FOOTPRINT,2,3,1378860.88,1.0
ASSISTÊNCIA SOCIAL | SERVIÇOS SOCIOASSISTENCIAIS,LOCAL_EXACT_ACTIVE,25,94,718668.8,0.5376547841746012
ASSISTÊNCIA SOCIAL | SERVIÇOS SOCIOASSISTENCIAIS,ROOT_WITH_LOCAL_ACTIVE_FOOTPRINT,4,27,209701.26,0.15688295594081997
ASSISTÊNCIA SOCIAL | SERVIÇOS SOCIOASSISTENCIAIS,EXTERNAL_EXACT_ACTIVE_NO_LOCAL_FOOTPRINT,68,179,408303.25,0.30546225988457876
TRANSPORTE | TRANSPORTE RODOVIÁRIO,LOCAL_EXACT_ACTIVE,2,6,105123.32,0.10851474208588437
TRANSPORTE | TRANSPORTE RODOVIÁRIO,EXTERNAL_EXACT_ACTIVE_NO_LOCAL_FOOTPRINT,5,14,863623.58,0.8914852579141157
ASSISTÊNCIA SOCIAL | ASSISTÊNCIA COMUNITÁRIA,LOCAL_EXACT_ACTIVE,12,42,150307.36,0.16462748868868482
ASSISTÊNCIA SOCIAL | ASSISTÊNCIA COMUNITÁRIA,ROOT_WITH_LOCAL_ACTIVE_FOOTPRINT,2,3,3251.52,0.0035612998060842297
ASSISTÊNCIA SOCIAL | ASSISTÊNCIA COMUNITÁRIA,EXTERNAL_EXACT_ACTIVE_NO_LOCAL_FOOTPRINT,49,79,759456.08,0.831811211505231
EDUCAÇÃO | ENSINO MEDIO,LOCAL_EXACT_ACTIVE,12,36,763683.18,0.8578194741665351
EDUCAÇÃO | ENSINO MEDIO,ROOT_WITH_LOCAL_ACTIVE_FOOTPRINT,1,2,63200.42,0.0709908931757593
EDUCAÇÃO | ENSINO MEDIO,EXTERNAL_EXACT_ACTIVE_NO_LOCAL_FOOTPRINT,3,6,63377.35,0.07118963265770557
CULTURA | DIFUSÃO CULTURAL,LOCAL_EXACT_ACTIVE,7,32,739773.7,0.8463871085740918
CULTURA | DIFUSÃO CULTURAL,ROOT_WITH_LOCAL_ACTIVE_FOOTPRINT,3,28,32283.36,0.03693591665323665
CULTURA | DIFUSÃO CULTURAL,EXTERNAL_EXACT_ACTIVE_NO_LOCAL_FOOTPRINT,3,4,101980.0,0.11667697477267157
LEGISLATIVA | AÇÃO LEGISLATIVA,LOCAL_EXACT_ACTIVE,53,151,316414.85,0.393237426596588
LEGISLATIVA | AÇÃO LEGISLATIVA,LOCAL_EXACT_NONACTIVE_SNAPSHOT,3,3,489.0,0.0006077246425246209
LEGISLATIVA | AÇÃO LEGISLATIVA,ROOT_WITH_LOCAL_ACTIVE_FOOTPRINT,8,32,195193.28,0.2425843891844749
LEGISLATIVA | AÇÃO LEGISLATIVA,EXTERNAL_EXACT_ACTIVE_NO_LOCAL_FOOTPRINT,20,82,292543.6,0.3635704595764125
ADMINISTRAÇÃO | PLANEJAMENTO E ORÇAMENTO,LOCAL_EXACT_ACTIVE,12,21,404379.34,0.7530750599618233
ADMINISTRAÇÃO | PLANEJAMENTO E ORÇAMENTO,ROOT_WITH_LOCAL_ACTIVE_FOOTPRINT,2,7,13571.82,0.02527478075485032
ADMINISTRAÇÃO | PLANEJAMENTO E ORÇAMENTO,EXTERNAL_EXACT_ACTIVE_NO_LOCAL_FOOTPRINT,37,68,119019.67,0.22165015928332646
ADMINISTRAÇÃO | TECNOLOGIA DA INFORMACAO,LOCAL_EXACT_ACTIVE,1,1,16122.0,0.03360701727528262
ADMINISTRAÇÃO | TECNOLOGIA DA INFORMACAO,ROOT_WITH_LOCAL_ACTIVE_FOOTPRINT,1,8,232029.9,0.4836765201390708
ADMINISTRAÇÃO | TECNOLOGIA DA INFORMACAO,EXTERNAL_EXACT_ACTIVE_NO_LOCAL_FOOTPRINT,4,6,231569.34,0.4827164625856466
EDUCAÇÃO | ADMINISTRAÇÃO GERAL,LOCAL_EXACT_ACTIVE,8,12,82218.87,0.18155461065286208
EDUCAÇÃO | ADMINISTRAÇÃO GERAL,ROOT_WITH_LOCAL_ACTIVE_FOOTPRINT,2,8,149729.84,0.3306314329583383
EDUCAÇÃO | ADMINISTRAÇÃO GERAL,EXTERNAL_EXACT_ACTIVE_NO_LOCAL_FOOTPRINT,33,43,220911.56,0.48781395638879954
SAUDE | VIGILÂNCIA EPIDEMIOLÓGICA,LOCAL_EXACT_ACTIVE,1,2,905.33,0.002156758741783928
SAUDE | VIGILÂNCIA EPIDEMIOLÓGICA,EXTERNAL_EXACT_ACTIVE_NO_LOCAL_FOOTPRINT,22,25,418858.82,0.997843241258216
SEGURANÇA PÚBLICA | DEFESA CIVIL,LOCAL_EXACT_ACTIVE,4,13,251867.0,0.9794035821159017
SEGURANÇA PÚBLICA | DEFESA CIVIL,EXTERNAL_EXACT_ACTIVE_NO_LOCAL_FOOTPRINT,1,1,5296.65,0.020596417884098314
DESPORTO E LAZER | LAZER,LOCAL_EXACT_ACTIVE,2,9,179101.0,0.7974185333101812
DESPORTO E LAZER | LAZER,EXTERNAL_EXACT_ACTIVE_NO_LOCAL_FOOTPRINT,4,4,45500.0,0.20258146668981883
SEGURANÇA PÚBLICA | POLICIAMENTO,LOCAL_EXACT_ACTIVE,15,38,90268.71,0.4812050416423959
SEGURANÇA PÚBLICA | POLICIAMENTO,ROOT_WITH_LOCAL_ACTIVE_FOOTPRINT,1,2,1995.77,0.010639064034022915
SEGURANÇA PÚBLICA | POLICIAMENTO,EXTERNAL_EXACT_ACTIVE_NO_LOCAL_FOOTPRINT,20,28,95324.39,0.5081558943235811
EDUCAÇÃO | EDUCAÇÃO DE JOVENS E ADULTOS,LOCAL_EXACT_ACTIVE,2,5,112533.41,0.6211605939888292
EDUCAÇÃO | EDUCAÇÃO DE JOVENS E ADULTOS,EXTERNAL_EXACT_ACTIVE_NO_LOCAL_FOOTPRINT,4,7,68632.96,0.3788394060111708
AGRICULTURA | EXTENSÃO RURAL,EXTERNAL_EXACT_ACTIVE_NO_LOCAL_FOOTPRINT,2,3,133568.25,1.0
HABITAÇÃO | HABITAÇÃO URBANA,LOCAL_EXACT_ACTIVE,2,5,102283.88,0.8026193841236327
HABITAÇÃO | HABITAÇÃO URBANA,EXTERNAL_EXACT_ACTIVE_NO_LOCAL_FOOTPRINT,9,11,25153.71,0.1973806158763674
ASSISTÊNCIA SOCIAL | ASSISTÊNCIA À CRIANÇA E AO ADOLESCENTE,LOCAL_EXACT_ACTIVE,12,33,25677.39,0.30080307824990243
ASSISTÊNCIA SOCIAL | ASSISTÊNCIA À CRIANÇA E AO ADOLESCENTE,ROOT_WITH_LOCAL_ACTIVE_FOOTPRINT,5,9,19963.01,0.2338607957870168
ASSISTÊNCIA SOCIAL | ASSISTÊNCIA À CRIANÇA E AO ADOLESCENTE,EXTERNAL_EXACT_ACTIVE_NO_LOCAL_FOOTPRINT,18,29,39722.39,0.46533612596308066
ASSISTÊNCIA SOCIAL | ASSISTÊNCIA AO IDOSO,LOCAL_EXACT_ACTIVE,1,8,119.05,0.0014294431427433155
ASSISTÊNCIA SOCIAL | ASSISTÊNCIA AO IDOSO,EXTERNAL_EXACT_ACTIVE_NO_LOCAL_FOOTPRINT,1,3,83165.13,0.9985705568572566
PREVIDÊNCIA SOCIAL | ADMINISTRAÇÃO GERAL,LOCAL_EXACT_ACTIVE,6,70,11451.72,0.18488503653877442
PREVIDÊNCIA SOCIAL | ADMINISTRAÇÃO GERAL,EXTERNAL_EXACT_ACTIVE_NO_LOCAL_FOOTPRINT,8,46,50487.96,0.8151149634612256
DESPORTO E LAZER | DESPORTO COMUNITÁRIO,LOCAL_EXACT_ACTIVE,3,4,24010.0,0.4859759210164649
DESPORTO E LAZER | DESPORTO COMUNITÁRIO,EXTERNAL_EXACT_ACTIVE_NO_LOCAL_FOOTPRINT,19,21,25395.74,0.5140240789835351
GESTÃO AMBIENTAL | EXTENSÃO RURAL,LOCAL_EXACT_ACTIVE,1,2,49293.85,1.0
SAUDE | ADMINISTRAÇÃO GERAL,LOCAL_EXACT_ACTIVE,4,5,3501.15,0.07809668182508656
SAUDE | ADMINISTRAÇÃO GERAL,ROOT_WITH_LOCAL_ACTIVE_FOOTPRINT,1,2,4012.56,0.08950419765621846
SAUDE | ADMINISTRAÇÃO GERAL,EXTERNAL_EXACT_ACTIVE_NO_LOCAL_FOOTPRINT,17,21,37317.26,0.832399120518695
SANEAMENTO | SANEAMENTO BÁSICO RURAL,LOCAL_EXACT_ACTIVE,1,1,500.0,0.011574074074074073
SANEAMENTO | SANEAMENTO BÁSICO RURAL,EXTERNAL_EXACT_ACTIVE_NO_LOCAL_FOOTPRINT,2,2,42700.0,0.9884259259259259
ASSISTÊNCIA SOCIAL | ADMINISTRAÇÃO GERAL,LOCAL_EXACT_ACTIVE,6,7,4975.39,0.2397537981734843
ASSISTÊNCIA SOCIAL | ADMINISTRAÇÃO GERAL,ROOT_WITH_LOCAL_ACTIVE_FOOTPRINT,1,1,1768.32,0.08521169926098975
ASSISTÊNCIA SOCIAL | ADMINISTRAÇÃO GERAL,EXTERNAL_EXACT_ACTIVE_NO_LOCAL_FOOTPRINT,5,9,14008.37,0.675034502565526
TRANSPORTE | TRANSPORTE AÉREO,LOCAL_EXACT_ACTIVE,3,4,13685.28,1.0
DESPORTO E LAZER | DESPORTO DE RENDIMENTO,LOCAL_EXACT_ACTIVE,1,2,7024.0,0.5238292334597415
DESPORTO E LAZER | DESPORTO DE RENDIMENTO,EXTERNAL_EXACT_ACTIVE_NO_LOCAL_FOOTPRINT,5,8,6384.95,0.4761707665402585
COMÉRCIO E SERVIÇOS | TURISMO,LOCAL_EXACT_ACTIVE,2,4,7062.65,0.5782691676294046
COMÉRCIO E SERVIÇOS | TURISMO,ROOT_WITH_LOCAL_ACTIVE_FOOTPRINT,2,4,2092.78,0.17135071802106366
COMÉRCIO E SERVIÇOS | TURISMO,EXTERNAL_EXACT_ACTIVE_NO_LOCAL_FOOTPRINT,1,2,3058.0,0.2503801143495316
TRABALHO | FOMENTO AO TRABALHO,LOCAL_EXACT_ACTIVE,1,2,10280.0,1.0
ADMINISTRAÇÃO | CONTROLE INTERNO,EXTERNAL_EXACT_ACTIVE_NO_LOCAL_FOOTPRINT,2,3,2498.0,1.0
GESTÃO AMBIENTAL | PRESERVAÇÃO E CONSERVAÇÃO AMBIENTAL,LOCAL_EXACT_ACTIVE,1,1,134.99,0.06010267187298252
GESTÃO AMBIENTAL | PRESERVAÇÃO E CONSERVAÇÃO AMBIENTAL,EXTERNAL_EXACT_ACTIVE_NO_LOCAL_FOOTPRINT,2,3,2111.0,0.9398973281270175
SAUDE | VIGILÂNCIA SANITÁRIA,EXTERNAL_EXACT_ACTIVE_NO_LOCAL_FOOTPRINT,2,2,1310.0,1.0
