item,descricao,quantidade,unidade,valor_unit_ref_R$,familia,valor_estimado_item_R$,source_class,source_url,status
1,Porca quadrada galvanizada p/ parafuso 10mm,5000,un,1.47,FERRAGENS_FIXACAO,7350.00,SECONDARY_INDEXER,https://mabus.com.br/licitacao/3630558/pregao-eletronico-municipio-de-sao-borja-sao-borja-rs,PENDING_OFFICIAL_RECONCILIATION
2,Porca quadrada galvanizada p/ parafuso 12mm,5000,un,2.91,FERRAGENS_FIXACAO,14550.00,SECONDARY_INDEXER,https://mabus.com.br/licitacao/3630558/pregao-eletronico-municipio-de-sao-borja-sao-borja-rs,PENDING_OFFICIAL_RECONCILIATION
3,Porca quadrada galvanizada p/ parafuso 14mm,5000,un,3.00,FERRAGENS_FIXACAO,15000.00,SECONDARY_INDEXER,https://mabus.com.br/licitacao/3630558/pregao-eletronico-municipio-de-sao-borja-sao-borja-rs,PENDING_OFFICIAL_RECONCILIATION
4,Arruela quadrada galvanizada 50x50mm,5000,un,4.06,FERRAGENS_FIXACAO,20300.00,SECONDARY_INDEXER,https://mabus.com.br/licitacao/3630558/pregao-eletronico-municipio-de-sao-borja-sao-borja-rs,PENDING_OFFICIAL_RECONCILIATION
5,Lâmpada LED tubular 20W T8 120cm,5050,un,4.88,ILUMINACAO,24644.00,SECONDARY_INDEXER,https://mabus.com.br/licitacao/3630558/pregao-eletronico-municipio-de-sao-borja-sao-borja-rs,PENDING_OFFICIAL_RECONCILIATION
6,Arruela quadrada galvanizada 38x38mm,5030,un,1.85,FERRAGENS_FIXACAO,9305.50,SECONDARY_INDEXER,https://mabus.com.br/licitacao/3630558/pregao-eletronico-municipio-de-sao-borja-sao-borja-rs,PENDING_OFFICIAL_RECONCILIATION
7,"Fio plastichumbo cobre 2x4,0mm",4200,m,6.24,CONDUTORES,26208.00,SECONDARY_INDEXER,https://mabus.com.br/licitacao/3630558/pregao-eletronico-municipio-de-sao-borja-sao-borja-rs,PENDING_OFFICIAL_RECONCILIATION
8,"Fio plastichumbo cobre 2x2,5mm",4200,m,6.54,CONDUTORES,27468.00,SECONDARY_INDEXER,https://mabus.com.br/licitacao/3630558/pregao-eletronico-municipio-de-sao-borja-sao-borja-rs,PENDING_OFFICIAL_RECONCILIATION
9,"Fio plastichumbo cobre 2x1,5mm",4000,m,3.18,CONDUTORES,12720.00,SECONDARY_INDEXER,https://mabus.com.br/licitacao/3630558/pregao-eletronico-municipio-de-sao-borja-sao-borja-rs,PENDING_OFFICIAL_RECONCILIATION
10,Disjuntor DIN trifásico 40A,470,un,28.03,PROTECAO_DISTRIBUICAO,13174.10,SECONDARY_INDEXER,https://mabus.com.br/licitacao/3630558/pregao-eletronico-municipio-de-sao-borja-sao-borja-rs,PENDING_OFFICIAL_RECONCILIATION
11,Tomada 2x4 10A 2P+T,770,un,10.21,COMANDO_CONEXAO,7861.70,SECONDARY_INDEXER,https://mabus.com.br/licitacao/3630558/pregao-eletronico-municipio-de-sao-borja-sao-borja-rs,PENDING_OFFICIAL_RECONCILIATION
12,Lâmpada LED tubular 9W T8 60cm,2100,un,7.20,ILUMINACAO,15120.00,SECONDARY_INDEXER,https://mabus.com.br/licitacao/3630558/pregao-eletronico-municipio-de-sao-borja-sao-borja-rs,PENDING_OFFICIAL_RECONCILIATION
13,Tomada externa sistema X completa 3P,855,un,6.23,COMANDO_CONEXAO,5326.65,SECONDARY_INDEXER,https://mabus.com.br/licitacao/3630558/pregao-eletronico-municipio-de-sao-borja-sao-borja-rs,PENDING_OFFICIAL_RECONCILIATION
14,Caixa CD para 12 disjuntores,580,un,47.37,PROTECAO_DISTRIBUICAO,27474.60,SECONDARY_INDEXER,https://mabus.com.br/licitacao/3630558/pregao-eletronico-municipio-de-sao-borja-sao-borja-rs,PENDING_OFFICIAL_RECONCILIATION
15,"Cabo paralelo 2x2,5mm",3200,m,3.35,CONDUTORES,10720.00,SECONDARY_INDEXER,https://mabus.com.br/licitacao/3630558/pregao-eletronico-municipio-de-sao-borja-sao-borja-rs,PENDING_OFFICIAL_RECONCILIATION
16,Tomada dupla 2P+T 10A p/ caixa top,770,un,9.83,COMANDO_CONEXAO,7569.10,SECONDARY_INDEXER,https://mabus.com.br/licitacao/3630558/pregao-eletronico-municipio-de-sao-borja-sao-borja-rs,PENDING_OFFICIAL_RECONCILIATION
17,Fita isolante PVC antichama 20m,1405,un,7.59,ISOLACAO_CONSUMIVEIS,10663.95,SECONDARY_INDEXER,https://mabus.com.br/licitacao/3630558/pregao-eletronico-municipio-de-sao-borja-sao-borja-rs,PENDING_OFFICIAL_RECONCILIATION
18,"Cabo flexível 16mm 0,6/1kV azul ATOX",2500,m,17.00,CONDUTORES,42500.00,SECONDARY_INDEXER,https://mabus.com.br/licitacao/3630558/pregao-eletronico-municipio-de-sao-borja-sao-borja-rs,PENDING_OFFICIAL_RECONCILIATION
19,"Fio rígido 2,5mm verde",1000,m,2.67,CONDUTORES,2670.00,SECONDARY_INDEXER,https://mabus.com.br/licitacao/3630558/pregao-eletronico-municipio-de-sao-borja-sao-borja-rs,PENDING_OFFICIAL_RECONCILIATION
20,"Fio rígido 2,5mm vermelho",1000,m,2.60,CONDUTORES,2600.00,SECONDARY_INDEXER,https://mabus.com.br/licitacao/3630558/pregao-eletronico-municipio-de-sao-borja-sao-borja-rs,PENDING_OFFICIAL_RECONCILIATION
21,"Fio rígido 2,5mm preto",1000,m,2.73,CONDUTORES,2730.00,SECONDARY_INDEXER,https://mabus.com.br/licitacao/3630558/pregao-eletronico-municipio-de-sao-borja-sao-borja-rs,PENDING_OFFICIAL_RECONCILIATION
22,Fita isolante alta tensão autofusão 10m,1077,un,14.69,ISOLACAO_CONSUMIVEIS,15821.13,SECONDARY_INDEXER,https://mabus.com.br/licitacao/3630558/pregao-eletronico-municipio-de-sao-borja-sao-borja-rs,PENDING_OFFICIAL_RECONCILIATION
23,Tomada c/disjuntor 20A externo,442,un,27.76,COMANDO_CONEXAO,12269.92,SECONDARY_INDEXER,https://mabus.com.br/licitacao/3630558/pregao-eletronico-municipio-de-sao-borja-sao-borja-rs,PENDING_OFFICIAL_RECONCILIATION
24,Interruptor simples com caixa,340,un,4.82,COMANDO_CONEXAO,1638.80,SECONDARY_INDEXER,https://mabus.com.br/licitacao/3630558/pregao-eletronico-municipio-de-sao-borja-sao-borja-rs,PENDING_OFFICIAL_RECONCILIATION
25,"Cabo flexível 16mm 0,6/1kV verde ATOX",2500,m,17.00,CONDUTORES,42500.00,SECONDARY_INDEXER,https://mabus.com.br/licitacao/3630558/pregao-eletronico-municipio-de-sao-borja-sao-borja-rs,PENDING_OFFICIAL_RECONCILIATION
26,Fio rígido 6mm vermelho,1000,m,6.76,CONDUTORES,6760.00,SECONDARY_INDEXER,https://mabus.com.br/licitacao/3630558/pregao-eletronico-municipio-de-sao-borja-sao-borja-rs,PENDING_OFFICIAL_RECONCILIATION
27,Fio rígido 6mm preto,1000,m,6.76,CONDUTORES,6760.00,SECONDARY_INDEXER,https://mabus.com.br/licitacao/3630558/pregao-eletronico-municipio-de-sao-borja-sao-borja-rs,PENDING_OFFICIAL_RECONCILIATION
28,Espelho 1 keystone p/ caixa eletroduto galvanizado,220,un,9.17,INFRA_INSTALACAO,2017.40,SECONDARY_INDEXER,https://mabus.com.br/licitacao/3630558/pregao-eletronico-municipio-de-sao-borja-sao-borja-rs,PENDING_OFFICIAL_RECONCILIATION
29,Espelho 2 keystone p/ caixa eletroduto galvanizado 3/4,220,un,20.64,INFRA_INSTALACAO,4540.80,SECONDARY_INDEXER,https://mabus.com.br/licitacao/3630558/pregao-eletronico-municipio-de-sao-borja-sao-borja-rs,PENDING_OFFICIAL_RECONCILIATION
30,"Cabo PP 2x2,5mm 1kV",3600,m,5.51,CONDUTORES,19836.00,SECONDARY_INDEXER,https://mabus.com.br/licitacao/3630558/pregao-eletronico-municipio-de-sao-borja-sao-borja-rs,PENDING_OFFICIAL_RECONCILIATION
31,Abraçadeira PVC 3/4 para eletroduto,700,un,0.66,FERRAGENS_FIXACAO,462.00,SECONDARY_INDEXER,https://mabus.com.br/licitacao/3630558/pregao-eletronico-municipio-de-sao-borja-sao-borja-rs,PENDING_OFFICIAL_RECONCILIATION
32,Cabo flexível 6mm preto ATOX,2200,m,4.25,CONDUTORES,9350.00,SECONDARY_INDEXER,https://mabus.com.br/licitacao/3630558/pregao-eletronico-municipio-de-sao-borja-sao-borja-rs,PENDING_OFFICIAL_RECONCILIATION
33,Cabo flexível 10mm azul ATOX,1400,m,5.75,CONDUTORES,8050.00,SECONDARY_INDEXER,https://mabus.com.br/licitacao/3630558/pregao-eletronico-municipio-de-sao-borja-sao-borja-rs,PENDING_OFFICIAL_RECONCILIATION
34,Curva 90 PVC preto rosca eletroduto 3/4,780,un,1.03,INFRA_INSTALACAO,803.40,SECONDARY_INDEXER,https://mabus.com.br/licitacao/3630558/pregao-eletronico-municipio-de-sao-borja-sao-borja-rs,PENDING_OFFICIAL_RECONCILIATION
35,Cabo PP 4x10mm 1kV,2115,m,36.65,CONDUTORES,77514.75,SECONDARY_INDEXER,https://mabus.com.br/licitacao/3630558/pregao-eletronico-municipio-de-sao-borja-sao-borja-rs,PENDING_OFFICIAL_RECONCILIATION
36,Cabo PP 4x10mm 1kV,705,m,36.65,CONDUTORES,25838.25,SECONDARY_INDEXER,https://mabus.com.br/licitacao/3630558/pregao-eletronico-municipio-de-sao-borja-sao-borja-rs,PENDING_OFFICIAL_RECONCILIATION
37,Cabo multiplex 2x10mm 750V alumínio,1700,m,3.04,CONDUTORES,5168.00,SECONDARY_INDEXER,https://mabus.com.br/licitacao/3630558/pregao-eletronico-municipio-de-sao-borja-sao-borja-rs,PENDING_OFFICIAL_RECONCILIATION
38,Eletroduto ferro galvanizado 3/4,520,m,23.71,INFRA_INSTALACAO,12329.20,SECONDARY_INDEXER,https://mabus.com.br/licitacao/3630558/pregao-eletronico-municipio-de-sao-borja-sao-borja-rs,PENDING_OFFICIAL_RECONCILIATION
39,Tampa cega caixa eletroduto,300,un,4.43,INFRA_INSTALACAO,1329.00,SECONDARY_INDEXER,https://mabus.com.br/licitacao/3630558/pregao-eletronico-municipio-de-sao-borja-sao-borja-rs,PENDING_OFFICIAL_RECONCILIATION
40,Plug macho 3P 20A,613,un,4.60,COMANDO_CONEXAO,2819.80,SECONDARY_INDEXER,https://mabus.com.br/licitacao/3630558/pregao-eletronico-municipio-de-sao-borja-sao-borja-rs,PENDING_OFFICIAL_RECONCILIATION
41,"Cabo flexível 16mm 0,6/1kV preto ATOX",1500,m,21.68,CONDUTORES,32520.00,SECONDARY_INDEXER,https://mabus.com.br/licitacao/3630558/pregao-eletronico-municipio-de-sao-borja-sao-borja-rs,PENDING_OFFICIAL_RECONCILIATION
42,Fio rígido 6mm verde,1000,m,6.76,CONDUTORES,6760.00,SECONDARY_INDEXER,https://mabus.com.br/licitacao/3630558/pregao-eletronico-municipio-de-sao-borja-sao-borja-rs,PENDING_OFFICIAL_RECONCILIATION
43,Fio rígido 6mm azul,1200,m,6.76,CONDUTORES,8112.00,SECONDARY_INDEXER,https://mabus.com.br/licitacao/3630558/pregao-eletronico-municipio-de-sao-borja-sao-borja-rs,PENDING_OFFICIAL_RECONCILIATION
44,Plug macho 3P 10A,625,un,2.93,COMANDO_CONEXAO,1831.25,SECONDARY_INDEXER,https://mabus.com.br/licitacao/3630558/pregao-eletronico-municipio-de-sao-borja-sao-borja-rs,PENDING_OFFICIAL_RECONCILIATION
45,"Cabo flexível 2,5mm verde ATOX",4100,m,2.55,CONDUTORES,10455.00,SECONDARY_INDEXER,https://mabus.com.br/licitacao/3630558/pregao-eletronico-municipio-de-sao-borja-sao-borja-rs,PENDING_OFFICIAL_RECONCILIATION
46,Cabo flexível 6mm vermelho ATOX,3000,m,4.25,CONDUTORES,12750.00,SECONDARY_INDEXER,https://mabus.com.br/licitacao/3630558/pregao-eletronico-municipio-de-sao-borja-sao-borja-rs,PENDING_OFFICIAL_RECONCILIATION
47,Cabo flexível 10mm vermelho ATOX,1400,m,5.75,CONDUTORES,8050.00,SECONDARY_INDEXER,https://mabus.com.br/licitacao/3630558/pregao-eletronico-municipio-de-sao-borja-sao-borja-rs,PENDING_OFFICIAL_RECONCILIATION
48,Tampa caixa eletroduto metálica 3/4 p/ tomada,400,un,3.42,INFRA_INSTALACAO,1368.00,SECONDARY_INDEXER,https://mabus.com.br/licitacao/3630558/pregao-eletronico-municipio-de-sao-borja-sao-borja-rs,PENDING_OFFICIAL_RECONCILIATION
49,Cabo multiplex 4x16mm 1kV alumínio,3820,m,11.92,CONDUTORES,45534.40,SECONDARY_INDEXER,https://mabus.com.br/licitacao/3630558/pregao-eletronico-municipio-de-sao-borja-sao-borja-rs,PENDING_OFFICIAL_RECONCILIATION
50,Interruptor interno 2x4 2 seção,322,un,10.18,COMANDO_CONEXAO,3277.96,SECONDARY_INDEXER,https://mabus.com.br/licitacao/3630558/pregao-eletronico-municipio-de-sao-borja-sao-borja-rs,PENDING_OFFICIAL_RECONCILIATION
51,Tomada para condulete galvanizado 2P+T 10A,160,un,6.59,COMANDO_CONEXAO,1054.40,SECONDARY_INDEXER,https://mabus.com.br/licitacao/3630558/pregao-eletronico-municipio-de-sao-borja-sao-borja-rs,PENDING_OFFICIAL_RECONCILIATION
52,Interruptor interno 2x4 3 teclas,510,un,9.06,COMANDO_CONEXAO,4620.60,SECONDARY_INDEXER,https://mabus.com.br/licitacao/3630558/pregao-eletronico-municipio-de-sao-borja-sao-borja-rs,PENDING_OFFICIAL_RECONCILIATION
53,Interruptor interno 2x4 1 seção com tomada,532,un,7.04,COMANDO_CONEXAO,3745.28,SECONDARY_INDEXER,https://mabus.com.br/licitacao/3630558/pregao-eletronico-municipio-de-sao-borja-sao-borja-rs,PENDING_OFFICIAL_RECONCILIATION
54,Bucha nylon 8mm,2240,un,0.10,FERRAGENS_FIXACAO,224.00,SECONDARY_INDEXER,https://mabus.com.br/licitacao/3630558/pregao-eletronico-municipio-de-sao-borja-sao-borja-rs,PENDING_OFFICIAL_RECONCILIATION
55,Canaleta sistema X 20x10x2,1365,un,5.31,INFRA_INSTALACAO,7248.15,SECONDARY_INDEXER,https://mabus.com.br/licitacao/3630558/pregao-eletronico-municipio-de-sao-borja-sao-borja-rs,PENDING_OFFICIAL_RECONCILIATION
56,Eletroduto PVC 3/4 vara 3m,760,un,7.93,INFRA_INSTALACAO,6026.80,SECONDARY_INDEXER,https://mabus.com.br/licitacao/3630558/pregao-eletronico-municipio-de-sao-borja-sao-borja-rs,PENDING_OFFICIAL_RECONCILIATION
57,Tomada 2P+T com placa acabamento,200,un,5.67,COMANDO_CONEXAO,1134.00,SECONDARY_INDEXER,https://mabus.com.br/licitacao/3630558/pregao-eletronico-municipio-de-sao-borja-sao-borja-rs,PENDING_OFFICIAL_RECONCILIATION
58,Refletor LED 50W,270,un,20.30,ILUMINACAO,5481.00,SECONDARY_INDEXER,https://mabus.com.br/licitacao/3630558/pregao-eletronico-municipio-de-sao-borja-sao-borja-rs,PENDING_OFFICIAL_RECONCILIATION
59,Refletor LED 100W,270,un,31.82,ILUMINACAO,8591.40,SECONDARY_INDEXER,https://mabus.com.br/licitacao/3630558/pregao-eletronico-municipio-de-sao-borja-sao-borja-rs,PENDING_OFFICIAL_RECONCILIATION
60,Refletor LED 200W,1070,un,50.69,ILUMINACAO,54238.30,SECONDARY_INDEXER,https://mabus.com.br/licitacao/3630558/pregao-eletronico-municipio-de-sao-borja-sao-borja-rs,PENDING_OFFICIAL_RECONCILIATION
61,IDR 30mA 25A,355,un,64.25,PROTECAO_DISTRIBUICAO,22808.75,SECONDARY_INDEXER,https://mabus.com.br/licitacao/3630558/pregao-eletronico-municipio-de-sao-borja-sao-borja-rs,PENDING_OFFICIAL_RECONCILIATION
62,IDR 30mA 40A,360,un,59.24,PROTECAO_DISTRIBUICAO,21326.40,SECONDARY_INDEXER,https://mabus.com.br/licitacao/3630558/pregao-eletronico-municipio-de-sao-borja-sao-borja-rs,PENDING_OFFICIAL_RECONCILIATION
63,Disjuntor DIN unipolar 10A,350,un,5.72,PROTECAO_DISTRIBUICAO,2002.00,SECONDARY_INDEXER,https://mabus.com.br/licitacao/3630558/pregao-eletronico-municipio-de-sao-borja-sao-borja-rs,PENDING_OFFICIAL_RECONCILIATION
64,Disjuntor DIN unipolar 20A,450,un,6.55,PROTECAO_DISTRIBUICAO,2947.50,SECONDARY_INDEXER,https://mabus.com.br/licitacao/3630558/pregao-eletronico-municipio-de-sao-borja-sao-borja-rs,PENDING_OFFICIAL_RECONCILIATION
65,Disjuntor DIN unipolar 25A,380,un,6.55,PROTECAO_DISTRIBUICAO,2489.00,SECONDARY_INDEXER,https://mabus.com.br/licitacao/3630558/pregao-eletronico-municipio-de-sao-borja-sao-borja-rs,PENDING_OFFICIAL_RECONCILIATION
66,Disjuntor DIN unipolar 32A,380,un,5.98,PROTECAO_DISTRIBUICAO,2272.40,SECONDARY_INDEXER,https://mabus.com.br/licitacao/3630558/pregao-eletronico-municipio-de-sao-borja-sao-borja-rs,PENDING_OFFICIAL_RECONCILIATION
67,Disjuntor DIN unipolar 40A,370,un,7.30,PROTECAO_DISTRIBUICAO,2701.00,SECONDARY_INDEXER,https://mabus.com.br/licitacao/3630558/pregao-eletronico-municipio-de-sao-borja-sao-borja-rs,PENDING_OFFICIAL_RECONCILIATION
68,Caixa octogonal 4x4,360,un,4.40,INFRA_INSTALACAO,1584.00,SECONDARY_INDEXER,https://mabus.com.br/licitacao/3630558/pregao-eletronico-municipio-de-sao-borja-sao-borja-rs,PENDING_OFFICIAL_RECONCILIATION
69,Abraçadeira nylon 4mm x 300mm,8100,un,0.19,FERRAGENS_FIXACAO,1539.00,SECONDARY_INDEXER,https://mabus.com.br/licitacao/3630558/pregao-eletronico-municipio-de-sao-borja-sao-borja-rs,PENDING_OFFICIAL_RECONCILIATION
70,"Cabo flexível cobre 1,5mm azul",2000,m,1.01,CONDUTORES,2020.00,SECONDARY_INDEXER,https://mabus.com.br/licitacao/3630558/pregao-eletronico-municipio-de-sao-borja-sao-borja-rs,PENDING_OFFICIAL_RECONCILIATION
71,"Cabo flexível cobre 1,5mm verde",2000,m,1.01,CONDUTORES,2020.00,SECONDARY_INDEXER,https://mabus.com.br/licitacao/3630558/pregao-eletronico-municipio-de-sao-borja-sao-borja-rs,PENDING_OFFICIAL_RECONCILIATION
72,"Cabo flexível cobre 2,5mm azul",2500,m,2.10,CONDUTORES,5250.00,SECONDARY_INDEXER,https://mabus.com.br/licitacao/3630558/pregao-eletronico-municipio-de-sao-borja-sao-borja-rs,PENDING_OFFICIAL_RECONCILIATION
73,"Cabo flexível cobre 2,5mm verde",2500,m,2.10,CONDUTORES,5250.00,SECONDARY_INDEXER,https://mabus.com.br/licitacao/3630558/pregao-eletronico-municipio-de-sao-borja-sao-borja-rs,PENDING_OFFICIAL_RECONCILIATION
74,"Cabo flexível cobre 2,5mm preto",2500,m,2.10,CONDUTORES,5250.00,SECONDARY_INDEXER,https://mabus.com.br/licitacao/3630558/pregao-eletronico-municipio-de-sao-borja-sao-borja-rs,PENDING_OFFICIAL_RECONCILIATION
75,Cabo flexível cobre 4mm azul,1850,m,3.09,CONDUTORES,5716.50,SECONDARY_INDEXER,https://mabus.com.br/licitacao/3630558/pregao-eletronico-municipio-de-sao-borja-sao-borja-rs,PENDING_OFFICIAL_RECONCILIATION
76,Cabo flexível cobre 4mm verde,1850,m,3.09,CONDUTORES,5716.50,SECONDARY_INDEXER,https://mabus.com.br/licitacao/3630558/pregao-eletronico-municipio-de-sao-borja-sao-borja-rs,PENDING_OFFICIAL_RECONCILIATION
77,Cabo flexível cobre 4mm preto,1850,m,3.09,CONDUTORES,5716.50,SECONDARY_INDEXER,https://mabus.com.br/licitacao/3630558/pregao-eletronico-municipio-de-sao-borja-sao-borja-rs,PENDING_OFFICIAL_RECONCILIATION
78,Cabo flexível cobre 6mm azul,4000,m,4.21,CONDUTORES,16840.00,SECONDARY_INDEXER,https://mabus.com.br/licitacao/3630558/pregao-eletronico-municipio-de-sao-borja-sao-borja-rs,PENDING_OFFICIAL_RECONCILIATION
79,Cabo flexível cobre 6mm verde,4000,m,4.21,CONDUTORES,16840.00,SECONDARY_INDEXER,https://mabus.com.br/licitacao/3630558/pregao-eletronico-municipio-de-sao-borja-sao-borja-rs,PENDING_OFFICIAL_RECONCILIATION
80,Cabo flexível cobre 6mm preto,4000,m,4.21,CONDUTORES,16840.00,SECONDARY_INDEXER,https://mabus.com.br/licitacao/3630558/pregao-eletronico-municipio-de-sao-borja-sao-borja-rs,PENDING_OFFICIAL_RECONCILIATION
81,Cabo flexível cobre 10mm azul,2500,m,9.18,CONDUTORES,22950.00,SECONDARY_INDEXER,https://mabus.com.br/licitacao/3630558/pregao-eletronico-municipio-de-sao-borja-sao-borja-rs,PENDING_OFFICIAL_RECONCILIATION
82,Cabo flexível cobre 10mm verde,2500,m,9.18,CONDUTORES,22950.00,SECONDARY_INDEXER,https://mabus.com.br/licitacao/3630558/pregao-eletronico-municipio-de-sao-borja-sao-borja-rs,PENDING_OFFICIAL_RECONCILIATION
83,Cabo flexível cobre 10mm vermelho,2500,m,9.18,CONDUTORES,22950.00,SECONDARY_INDEXER,https://mabus.com.br/licitacao/3630558/pregao-eletronico-municipio-de-sao-borja-sao-borja-rs,PENDING_OFFICIAL_RECONCILIATION
84,Cabo flexível cobre 25mm azul,1300,m,18.95,CONDUTORES,24635.00,SECONDARY_INDEXER,https://mabus.com.br/licitacao/3630558/pregao-eletronico-municipio-de-sao-borja-sao-borja-rs,PENDING_OFFICIAL_RECONCILIATION
85,Cabo flexível cobre 25mm verde,1300,m,18.95,CONDUTORES,24635.00,SECONDARY_INDEXER,https://mabus.com.br/licitacao/3630558/pregao-eletronico-municipio-de-sao-borja-sao-borja-rs,PENDING_OFFICIAL_RECONCILIATION
86,Cabo flexível cobre 25mm preto,1300,m,18.95,CONDUTORES,24635.00,SECONDARY_INDEXER,https://mabus.com.br/licitacao/3630558/pregao-eletronico-municipio-de-sao-borja-sao-borja-rs,PENDING_OFFICIAL_RECONCILIATION
