cluster_id,local_items,local_declared_raw,local_corfio_mentions,winner_items,winner_declared_raw,winner_corfio_mentions
T01,7,7: corfio cordio,1,,,0
T02,8,8: corfio corfio,1,8,8: CONTROLLER CONTROLLER,0
T03,18;25;41,18: corfio corfio || 25: corfio corfio || 41: CORFIO CORFIO,3,18;25;41,18: SCREEN VISION SCREEN VISION || 25: PLAY GO PLAY GO || 41: CABO ENERGY,0
T04,30,30: CORFIO CORFIO,1,30,30: ultraflex/sccable ultraflex/blucabos,0
T05,35;36,35: ELETROMAX ELETROMAX || 36: DEPECIL DECEPIL,0,35;36,35: Cabo PP 4x10mm CONDUFAST || 36: Cabo PP 4x10mm CONDUFAST,0
T06,49,49: TRAMONTINA TRAMONTINA,0,49,49: PLUZIE PLUZIE,0
T07,78;79;80,78: CORFIO CORFIO || 79: CORFIO CORFIO || 80: CORFIO CORFIO,3,78;79;80,78: AMPEX AMPEX || 79: AMPEX AMPEX || 80: 19007 VIBRA,0
T08,81;82;83,81: CORFIO CORF || 82: CORFIO CORFIO || 83: CORFIO CORFIO,3,81;82;83,81: AMPEX AMPEX || 82: AMPEX AMPEX || 83: AMPEX AMPEX,0
T09,84;85;86,84: CORFIO CORFIO || 85: CORFIO CORFIO || 86: CORFIO CORFIO,3,84;85;86,84: MASTERPLUS/FCCABOSMASTERPLUS/FCCABOS || 85: Cabo Flexível 25mm DeltaFlex || 86: 39/2026 39/2026,0
