prioridade,impacto,origem,sheet_row,operador_marca,cnpj,raiz,status_origem,regra_inclusao,pendencia,lote_origem,observacao
P0,CONFLITO_CADASTRAL_AINDA_BLOQUEIA,CNPJ_ORIGINAL_103,122,Fantasia: 7 Povos Kids / Razão Social: Lenise Goulart Morgental (Cnpj 62.201.625/0001-79),62201625000179,62201625,CONFLITO_CADASTRAL,PENDENTE_RESOLVER_STATUS_CADASTRAL,Priorizar RFB oficial/base integral e evidência fiscal/municipal recente,L06-01,
P1,IDENTIDADE_UNIDADE_SUCESSAO_OU_FUNCAO_FISICA,CNPJ_EXTERNO_AOS_103,ADICIONAL_RAIZ_05823159,"M. H. Moda Intima / G P Junior, Moda Intima Ltda",05823159000120,05823159,ADICIONAL_RAIZ,PENDENTE_FUNCAO_FISICA_DA_UNIDADE,FUNCAO_FISICA_STORE_FRONT_VS_OUTRA_UNIDADE,L05-09,Adicionar ao controle; candidato forte a incorporação
P1,IDENTIDADE_UNIDADE_SUCESSAO_OU_FUNCAO_FISICA,CNPJ_ORIGINAL_103,100,Fantasia: Loja Marlin Fashion / Razão Social: Marciel Murad Ibrahim (Cnpj 18.556.994/0001-92),18556994000192,18556994,P0_RESOLVIDO_PRESENCA_OPERACIONAL_CNPJ_INAPTO,INCLUIR_OPERACAO_CNPJ_INAPTO_IDENTIDADE_P1,IDENTIFICAR_CNPJ_CORRENTE_OU_REGULARIDADE_JURIDICA,L21-01,Loja Marlin Fashion operacionalmente atual; CNPJ 18.556.994/0001-92 não deve ser tratado como ativo.
P1,IDENTIDADE_UNIDADE_SUCESSAO_OU_FUNCAO_FISICA,CNPJ_EXTERNO_AOS_103,130,Ka Lopes Fitness,15009711000102,15009711,CANDIDATO_HISTORICO_FORTE,HISTORICO_FORTE_CNPJ_CORRENTE_PENDENTE,IDENTIFICAR_CNPJ_CORRENTE_DA_MARCA,L17-01,Não preencher canonicamente; preservar 15009711000102 como candidato histórico
P1,IDENTIDADE_UNIDADE_SUCESSAO_OU_FUNCAO_FISICA,CNPJ_EXTERNO_AOS_103,156,Rilu Tecidos / Socoloski & Socoloski Comercio de Tecidos Ltda,00664113000191,00664113,CONTINUIDADE_CANDIDATA_MARCA,PENDENTE_EQUIVALENCIA_OPERADOR_MARCA,EQUIVALENCIA_RILU_ARMARINHOS_VS_RILU_TECIDOS,L19-07,Excluir CNPJ histórico baixado; manter operação Rilu atual em P1 até fechar equivalência
P1,IDENTIDADE_UNIDADE_SUCESSAO_OU_FUNCAO_FISICA,CNPJ_EXTERNO_AOS_103,182,Veterinaria Sao Francisco / Mario Lucio Saraiva Goncalves,03243241000150,03243241,HOMONIMO_ALTERNATIVO,PENDENTE_RESOLVER_HOMONIMIA_OU_SUCESSAO,RESOLVER_HOMONIMIA_SUCESSAO,L10-06,Manter CNPJ original com marca pendente; registrar 03243241000150 em controle separado
P1,IDENTIDADE_UNIDADE_SUCESSAO_OU_FUNCAO_FISICA,CNPJ_EXTERNO_AOS_103,ADICIONAL_RAIZ_32195385,Brasil Free Shop Comercio Varejista de Mercadorias Ltda,32195385001158,32195385,ADICIONAL_RAIZ,PENDENTE_FUNCAO_FISICA_DA_UNIDADE,FUNCAO_FISICA_STORE_FRONT_VS_OUTRA_UNIDADE,L03-08,Adicionar ao controle; candidato forte a incorporação
P1,IDENTIDADE_UNIDADE_SUCESSAO_OU_FUNCAO_FISICA,CNPJ_EXTERNO_AOS_103,127,Excêntrica / Pedro Roberto da Silva Quoos,46083011000183,46083011,CANDIDATO_CORRENTE_MARCA,PENDENTE_VINCULO_DIRETO_MARCA_CNPJ,VINCULO_EXPLICITO_MARCA_CNPJ,L19-03,Presença da marca resolvida; CNPJ permanece candidato forte
P1,IDENTIDADE_UNIDADE_SUCESSAO_OU_FUNCAO_FISICA,CNPJ_EXTERNO_AOS_103,161,Bella Cestas & Presentes,48341505000146,48341505,CANDIDATO_MODERADO_LINHA_SEM_CNPJ,PENDENTE_PROVA_IDENTIDADE_JURIDICA,PROVAR_IDENTIDADE_JURIDICA,L18-04,Manter linha sem CNPJ; registrar 48341505000146 apenas como candidato moderado
P1,IDENTIDADE_UNIDADE_SUCESSAO_OU_FUNCAO_FISICA,CNPJ_EXTERNO_AOS_103,ADICIONAL_RAIZ_58434608,RM2S Ltda — marca operacional não identificada,58434608001500,58434608,ADICIONAL_RAIZ,PENDENTE_FUNCAO_FISICA_DA_UNIDADE,FUNCAO_FISICA_STORE_FRONT_VS_OUTRA_UNIDADE,L03-05,Adicionar ao controle; não ao denominador canônico ainda
P1,IDENTIDADE_UNIDADE_SUCESSAO_OU_FUNCAO_FISICA,CNPJ_EXTERNO_AOS_103,ADICIONAL_RAIZ_59205031,Mariza Matoso Pedebos Ltda — matriz,59205031000121,59205031,ADICIONAL_RAIZ,PENDENTE_FUNCAO_FISICA_DA_UNIDADE,FUNCAO_FISICA_STORE_FRONT_VS_OUTRA_UNIDADE,L12-02,Adicionar ao controle; não ao denominador canônico ainda
P1,IDENTIDADE_UNIDADE_SUCESSAO_OU_FUNCAO_FISICA,CNPJ_EXTERNO_AOS_103,160,Amei Presentes Criativos,66405682000120,66405682,SUCESSOR_CANDIDATO,PENDENTE_COMPROVAR_SUCESSAO_DA_MARCA,VINCULO_EXPLICITO_MARCA_SUCESSOR,L18-03,Registrar 30650368000166 como histórico e 66405682000120 como sucessor candidato; não preencher corrente canônico ainda
P1,IDENTIDADE_UNIDADE_SUCESSAO_OU_FUNCAO_FISICA,CNPJ_ORIGINAL_103,188,Fantasia: Bicho Mimado / Razão Social: Rogerio Flores Nascimento (Cnpj 22.663.567/0001-80),22663567000180,22663567,P0_RESOLVIDO_MARCA_OPERACIONAL_CNPJ_INAPTO,INCLUIR_OPERACAO_CNPJ_CORRENTE_P1,IDENTIFICAR_CNPJ_CORRENTE_DA_MARCA,L21-04,Bicho Mimado operacionalmente atual; não usar 22.663.567/0001-80 como ativo cadastral.
P1,IDENTIDADE_UNIDADE_SUCESSAO_OU_FUNCAO_FISICA,LINHA_SEM_CNPJ_NAO_RESOLVIDA,189,Pet House,,,P0_RESOLVIDO_OPERADOR_ATUAL_SEM_CNPJ,INCLUIR_OPERADOR_SEM_CNPJ_IDENTIDADE_P1,IDENTIFICAR_PESSOA_JURIDICA_CNPJ,L21-05,Pet House entra no cenário operacional; identidade jurídica segue pendente.
P1,IDENTIDADE_UNIDADE_SUCESSAO_OU_FUNCAO_FISICA,CNPJ_EXTERNO_AOS_103,213,Marco Relojoeiro,87236758000101,87236758,CANDIDATO_FORTE_LINHA_SEM_CNPJ,PENDENTE_VINCULO_DIRETO_MARCA_CNPJ,VINCULO_EXPLICITO_MARCA_CNPJ,L18-06,Manter 87236758000101 como candidato forte; não preencher canonicamente ainda
P1,IDENTIDADE_UNIDADE_SUCESSAO_OU_FUNCAO_FISICA,CNPJ_EXTERNO_AOS_103,ADICIONAL_RAIZ_87345021,Candidato a Lojas Pompéia / Lins Ferrao Artigos do Vestuario Ltda,87345021003304,87345021,CANDIDATO_CORRECAO_ASSOCIACAO_MARCA,PENDENTE_VINCULO_EXPLICITO_MARCA_CNPJ,VINCULO_EXPLICITO_MARCA_CNPJ,L03-02,Adicionar ao controle; candidato a substituir associação Pompéia do row103
P1,IDENTIDADE_UNIDADE_SUCESSAO_OU_FUNCAO_FISICA,CNPJ_EXTERNO_AOS_103,ADICIONAL_RAIZ_92293703,Barraca Missões / GFO Saúde e Nutrição Animal Ltda,92293703001145,92293703,ADICIONAL_RAIZ,PENDENTE_FUNCAO_FISICA_DA_UNIDADE,FUNCAO_FISICA_STORE_FRONT_VS_OUTRA_UNIDADE,L12-06,Adicionar ao controle; candidato forte a incorporação
P1,IDENTIDADE_UNIDADE_SUCESSAO_OU_FUNCAO_FISICA,CNPJ_EXTERNO_AOS_103,ADICIONAL_RAIZ_93202695,Jose Altamir Silveira da Rosa Ltda — marca operacional não confirmada,93202695000256,93202695,ADICIONAL_RAIZ,PENDENTE_FUNCAO_FISICA_DA_UNIDADE,FUNCAO_FISICA_STORE_FRONT_VS_OUTRA_UNIDADE,L05-02,Adicionar ao controle; não ao denominador canônico ainda
P1,IDENTIDADE_UNIDADE_SUCESSAO_OU_FUNCAO_FISICA,CNPJ_EXTERNO_AOS_103,123,7 Povos Confecções e Calçados São Borja,97093694000190,97093694,CANDIDATO_FORTE_LINHA_SEM_CNPJ,PENDENTE_VINCULO_DIRETO_MARCA_CNPJ,VINCULO_EXPLICITO_MARCA_CNPJ,L16-02,Manter como candidato forte; não preencher canonicamente ainda
P2,INCLUSAO_PROVAVEL_COM_RECONCILIACAO,CNPJ_EXTERNO_AOS_103,97,MB Lojas / Comercio de Confeccoes Beilfuss Ltda,43839616000163,43839616,OPERADOR_ATUAL_MARCA_CONFIRMADO,INCLUIR_OPERADOR_ATUAL_CONFIRMADO,NENHUM_ESTRUTURAL_P0_RESOLVIDO,L19-01,Incorporar como operador atual da marca; CNPJ histórico baixado sai do cenário corrente
P2,INCLUSAO_PROVAVEL_COM_RECONCILIACAO,CNPJ_EXTERNO_AOS_103,101,Loja It Girls / V Ferreira & LC Rieffel Comercio e Vestuario Ltda,35686566000101,35686566,OPERADOR_ATUAL_MARCA_CONFIRMADO,INCLUIR_OPERADOR_ATUAL_CONFIRMADO,NENHUM_ESTRUTURAL_P0_RESOLVIDO,L19-02,Incorporar como operador atual da marca; CNPJ histórico baixado sai do cenário corrente
P2,INCLUSAO_PROVAVEL_COM_RECONCILIACAO,CNPJ_EXTERNO_AOS_103,121,Magazine Bandeirante,87583456000100,87583456,IDENTIFICADO_LINHA_SEM_CNPJ,INCLUIR_CANDIDATO_ADICIONAL,CONFIRMACAO_FINAL_E_ENDERECO_QUANDO_APLICAVEL,L16-01,Preencher CNPJ no sucessor com flag de reconciliação
P2,INCLUSAO_PROVAVEL_COM_RECONCILIACAO,CNPJ_EXTERNO_AOS_103,132,Loja Portal / Picon & Oliveira Ltda,17705834000103,17705834,IDENTIFICADO_LINHA_SEM_CNPJ,INCLUIR_CANDIDATO_ADICIONAL,NENHUM_ESTRUTURAL_P0_RESOLVIDO,L20-01,Preencher CNPJ 17.705.834/0001-03; descartar hipótese anterior Nayef Abdo Hijazi como identidade jurídica da Portal
P2,INCLUSAO_PROVAVEL_COM_RECONCILIACAO,CNPJ_EXTERNO_AOS_103,134,Elegância Moda e Acessórios,11496172000114,11496172,IDENTIFICADO_LINHA_SEM_CNPJ,INCLUIR_CANDIDATO_ADICIONAL,METADADOS_ENDERECO_RAZAO_NAO_BLOQUEANTES,L20-02,Preencher CNPJ 11.496.172/0001-14 com metadados detalhados ainda pendentes
P2,INCLUSAO_PROVAVEL_COM_RECONCILIACAO,CNPJ_EXTERNO_AOS_103,140,Top 20 / Lisangela Souza Storch,37106058000124,37106058,OPERADOR_ATUAL_MARCA_CONFIRMADO,INCLUIR_OPERADOR_ATUAL_CONFIRMADO,NENHUM_ESTRUTURAL_P0_RESOLVIDO,L19-04,Incorporar como operador atual da marca; CNPJ histórico baixado sai do cenário corrente
P2,INCLUSAO_PROVAVEL_COM_RECONCILIACAO,CNPJ_EXTERNO_AOS_103,141,Carol Modas / Carol Modas GG,88721220000155,88721220,IDENTIFICADO_LINHA_SEM_CNPJ,INCLUIR_CANDIDATO_ADICIONAL,CONFIRMACAO_FINAL_E_ENDERECO_QUANDO_APLICAVEL,L17-04,Preencher CNPJ 88721220000155 no sucessor
P2,INCLUSAO_PROVAVEL_COM_RECONCILIACAO,CNPJ_ORIGINAL_103,144,Fantasia: Mundi Calçados / Razão Social: Calcemoda Comercio de Calcados LTDA (Cnpj 38.128.053/0001-65),38128053000165,38128053,P0_RESOLVIDO_PRESENCA_OPERACIONAL_STATUS_PENDENTE,INCLUIR_OPERADOR_COM_STATUS_JURIDICO_PENDENTE,CONFIRMAR_STATUS_CNPJ,L21-02,Mundi Calçados operacionalmente atual; CNPJ 38.128.053/0001-65 ainda sem status direto.
P2,INCLUSAO_PROVAVEL_COM_RECONCILIACAO,CNPJ_ORIGINAL_103,147,Fantasia: Ciranda Boutique / Razão Social: Sidinei Poerscke (Cnpj 90.134.701/0001-06),90134701000106,90134701,P0_RESOLVIDO_PRESENCA_OPERACIONAL_STATUS_PENDENTE,INCLUIR_OPERADOR_COM_STATUS_JURIDICO_PENDENTE,CONFIRMAR_STATUS_CNPJ,L21-03,Ciranda Boutique operacionalmente atual; status cadastral direto pendente.
P2,INCLUSAO_PROVAVEL_COM_RECONCILIACAO,CNPJ_EXTERNO_AOS_103,150,Casa A Favorita / Casa Favoritasb Ltda,89224869000123,89224869,IDENTIFICADO_LINHA_SEM_CNPJ,INCLUIR_CANDIDATO_ADICIONAL,CONFIRMACAO_FINAL_E_ENDERECO_QUANDO_APLICAVEL,L18-01,Preencher CNPJ 89224869000123; registrar 05534303578 como telefone erroneamente lançado
P2,INCLUSAO_PROVAVEL_COM_RECONCILIACAO,CNPJ_ORIGINAL_103,169,Fantasia: Lojas Quero Quero / Razão Social: Lojas Quero-Quero S.a. (Cnpj 96.418.264/0357-81),96418264035781,96418264,ATIVO_COM_RECONCILIACAO_ESTRUTURAL,INCLUIR_COM_PENDENCIA_ESTRUTURAL,Confirmar ambos na RFB oficial quando houver rota operacional,L01-01,
P2,INCLUSAO_PROVAVEL_COM_RECONCILIACAO,CNPJ_EXTERNO_AOS_103,175,Lojas Americanas / Americanas S.A.,00776574170906,00776574,SUBSTITUTO_OPERACIONAL_CONFIRMADO,INCLUIR_OPERADOR_ATUAL_CONFIRMADO,NENHUM_ESTRUTURAL_P0_RESOLVIDO,L19-09,Promover 00.776.574/1709-06 como CNPJ corrente da operação de São Borja
P2,INCLUSAO_PROVAVEL_COM_RECONCILIACAO,CNPJ_EXTERNO_AOS_103,177,Monaco Freeshop / Brasil Free Shop,32195385001239,32195385,IDENTIFICADO_LINHA_SEM_CNPJ,INCLUIR_CANDIDATO_ADICIONAL,CONFIRMACAO_FINAL_E_ENDERECO_QUANDO_APLICAVEL,L03-09,Preencher CNPJ 32195385001239 no sucessor
P2,INCLUSAO_PROVAVEL_COM_RECONCILIACAO,CNPJ_ORIGINAL_103,190,Fantasia: Ponto dos Pets / Razão Social: Bastiani & Ferreira Ltda (Cnpj 34.338.660/0001-07),34338660000107,34338660,P0_RESOLVIDO_PRESENCA_OPERACIONAL_STATUS_ENDERECO_PENDENTES,INCLUIR_OPERADOR_COM_STATUS_JURIDICO_PENDENTE,CONFIRMAR_STATUS_CNPJ_E_ENDERECO_ATUAL,L21-06,Ponto dos Pets operacionalmente atual; CNPJ/status/endereço 2026 ainda em reconciliação.
P2,INCLUSAO_PROVAVEL_COM_RECONCILIACAO,CNPJ_ORIGINAL_103,197,Fantasia Agrolago Rações / Razão Social: Tusnel Segobia Lago (Cnpj 50.578.611/0001-90),50578611000190,50578611,ATIVA_POR_LISTAGEM_SETORIAL_STATUS_INDIVIDUAL_PENDENTE,INCLUIR_COM_PENDENCIA_DE_STATUS_INDIVIDUAL,Buscar RFB/base integral ou ficha individual atual,L12-04,
P2,INCLUSAO_PROVAVEL_COM_RECONCILIACAO,CNPJ_ORIGINAL_103,200,Fantasia: Agropecuaria Vieira / Razão Social: Neri T. Vieira Benites & Cia Ltda (Cnpj 11.263.905/0001-70),11263905000170,11263905,PRESENCA_COMPATIVEL_METADADO_JURIDICO_PENDENTE,INCLUIR_COM_PENDENCIA_JURIDICA,"Buscar RFB/base integral para razão social, situação e CNAEs atuais",L12-08,
P2,INCLUSAO_PROVAVEL_COM_RECONCILIACAO,CNPJ_EXTERNO_AOS_103,215,Mais Top Papelaria / Juliana Andrade Moreira,24495873000180,24495873,IDENTIFICADO_LINHA_SEM_CNPJ,INCLUIR_CANDIDATO_ADICIONAL,CONFIRMACAO_FINAL_E_ENDERECO_QUANDO_APLICAVEL,L14-03,Preencher CNPJ 24495873000180 no sucessor
P3,PENDENCIA_NAO_BLOQUEANTE,CNPJ_ORIGINAL_103,103,Fantasia: Lojas Pompeia / Razão Social: Lins Ferrao Artigos do Vestuario Ltda (Cnpj 87.345.021/0122-14),87345021012214,87345021,ATIVO_COM_RECONCILIACAO,INCLUIR_COM_PENDENCIA,Buscar fonte de primeira parte Lins Ferrão/Gang e confirmar RFB,L03-01,
P3,PENDENCIA_NAO_BLOQUEANTE,CNPJ_ORIGINAL_103,105,Fantasia: Lojas Monjuá / Razão Social: Lojas Tres Passos Ltda (Cnpj 98.102.650/0023-58),98102650002358,98102650,ATIVO_COM_RECONCILIACAO,INCLUIR_COM_PENDENCIA,Confirmar marca↔CNPJ por fonte de primeira parte/nota fiscal ou RFB,L03-03,
P3,PENDENCIA_NAO_BLOQUEANTE,CNPJ_ORIGINAL_103,111,Fantasia: Requinte Modas / Razão Social: Jose Altamir Silveira da Rosa Ltda (Cnpj 93.202.695/0006-80) / Filial - 9,93202695000680,93202695,ATIVO_COM_RECONCILIACAO,INCLUIR_COM_PENDENCIA,Confirmar RFB e presença operacional; registrar /0002-56 como adicional,L05-01,
P3,PENDENCIA_NAO_BLOQUEANTE,CNPJ_ORIGINAL_103,113,Fantasia: Linda Variedades / Razão Social: Changyong Duan (Cnpj 48.346.814/0001-09),48346814000109,48346814,ATIVO_COM_RECONCILIACAO,INCLUIR_COM_PENDENCIA,Preservar separadamente e confirmar operação física,L05-04,
P3,PENDENCIA_NAO_BLOQUEANTE,CNPJ_ORIGINAL_103,114,Fantasia: Linda Variedades / Razão Social: F. Zhu (Cnpj 55.498.031/0001-06),55498031000106,55498031,ATIVO_COM_RECONCILIACAO,INCLUIR_COM_PENDENCIA,Preservar separadamente; confirmar operação física,L05-05,
P3,PENDENCIA_NAO_BLOQUEANTE,CNPJ_ORIGINAL_103,115,Fantasia: Kolwertn Multimarcas / Razão Social: CR Comércio do Vestuário Ltda (Cnpj 94.072.782/0001-18),94072782000118,94072782,ATIVO_COM_RECONCILIACAO,INCLUIR_COM_PENDENCIA,Buscar primeira parte/redes da marca e confirmar RFB,L05-06,
P3,PENDENCIA_NAO_BLOQUEANTE,CNPJ_ORIGINAL_103,116,Fantasia: Franco Giorgi / Razão Social: Grazziotin S A (Cnpj 92.012.467/0190-08),92012467019008,92012467,ATIVO_COM_RECONCILIACAO,INCLUIR_COM_PENDENCIA,Confirmar RFB e mapear unidade física/marca,L02-03,
P3,PENDENCIA_NAO_BLOQUEANTE,CNPJ_ORIGINAL_103,117,Fantasia: Lojas Grazziotin / Razão Social: Grazziotin S A (Cnpj 92.012.467/0037-80),92012467003780,92012467,ATIVO_COM_RECONCILIACAO,INCLUIR_COM_PENDENCIA,Confirmar RFB e documentar transição de fantasia/endereço,L02-04,
P3,PENDENCIA_NAO_BLOQUEANTE,CNPJ_ORIGINAL_103,119,"Fantasia: M.h. Moda Intima / Razão Social: G P Junior, Moda Intima Ltda (Cnpj 05.823.159/0004-72)",05823159000472,05823159,ATIVO_COM_RECONCILIACAO,INCLUIR_COM_PENDENCIA,Registrar matriz /0001-20 e reconciliar funções/endereços antes de métricas,L05-08,
P3,PENDENCIA_NAO_BLOQUEANTE,CNPJ_ORIGINAL_103,124,Fantasia: 7 Povos Tchê! / Razão Social: Renato Cesar Prauchner (Cnpj 06.339.679/0001-24),06339679000124,06339679,ATIVO_COM_RECONCILIACAO,INCLUIR_COM_PENDENCIA,Confirmar RFB e tratar cada raiz separadamente,L06-02,
P3,PENDENCIA_NAO_BLOQUEANTE,CNPJ_ORIGINAL_103,128,Fantasia: MAXX Outlet / Razão Social: Rm2S Ltda (Cnpj 58.434.608/0010-03) / Filial,58434608001003,58434608,ATIVO_COM_RECONCILIACAO,INCLUIR_COM_PENDENCIA,Buscar fonte operacional/primeira parte da marca,L03-04,
P3,PENDENCIA_NAO_BLOQUEANTE,CNPJ_ORIGINAL_103,129,Fantasia: Studio Live! São Borja / Razão Social: Otto Comercio e Vestuario LTDA (Cnpj 48.191.706/0001-04) /,48191706000104,48191706,ATIVO_COM_RECONCILIACAO,INCLUIR_COM_PENDENCIA,Buscar localizador/primeira parte da Live! e confirmar vínculo,L06-03,
P3,PENDENCIA_NAO_BLOQUEANTE,CNPJ_ORIGINAL_103,131,Fantasia: Original Store / Razão Social: Comercio de Confeccoes Silveira & Severo Ltda (Cnpj 18.382.369/0003-33),18382369000333,18382369,ATIVO_COM_RECONCILIACAO,INCLUIR_COM_PENDENCIA,Confirmar RFB direta; preservar razão social × marca,L06-04,
P3,PENDENCIA_NAO_BLOQUEANTE,CNPJ_ORIGINAL_103,135,Fantasia: Donna Amô / Razão Social: 60.940.561 Paola da Silva Cardoso (Cnpj 60.940.561/0001-00),60940561000100,60940561,ATIVO_COM_RECONCILIACAO,INCLUIR_COM_PENDENCIA,Buscar primeira parte/redes da marca e confirmar RFB,L06-06,
P3,PENDENCIA_NAO_BLOQUEANTE,CNPJ_ORIGINAL_103,136,Fantasia: Dona Nanda / Razão Social: Fernanda Bublitz Petterini (Cnpj 29.091.514/0001-81),29091514000181,29091514,ATIVO_COM_RECONCILIACAO,INCLUIR_COM_PENDENCIA,"Confirmar RFB e, se possível, primeira parte da marca",L06-07,
P3,PENDENCIA_NAO_BLOQUEANTE,CNPJ_ORIGINAL_103,137,Fantasia: Stilo Modas / Razão Social: Marlise Neubuser Cezar (Cnpj 22.560.258/0001-85),22560258000185,22560258,ATIVO_COM_RECONCILIACAO,INCLUIR_COM_PENDENCIA,Triangular com segunda fonte/primeira parte e confirmar RFB,L06-08,
P3,PENDENCIA_NAO_BLOQUEANTE,CNPJ_ORIGINAL_103,148,Fantasia: Loja UP São Borja (Pedrangel Calcados) / Razão Social: Pedrangel Comercio de Calcados e Vestuarios Ltda. (Cnpj 08.835.108/0001-06),08835108000106,08835108,ATIVO_COM_RECONCILIACAO,INCLUIR_COM_PENDENCIA,Confirmar RFB direta e preservar campos separados,L08-01,
P3,PENDENCIA_NAO_BLOQUEANTE,CNPJ_ORIGINAL_103,149,Fantasia: Santa Clara Confecções e Calçados / Razão Social: Angela Mari Faguaga Siqueira Ltda (Cnpj 01.800.560/0001-93),01800560000193,01800560,ATIVO_COM_RECONCILIACAO,INCLUIR_COM_PENDENCIA,Buscar primeira parte/nota fiscal recente e confirmar RFB,L08-02,
P3,PENDENCIA_NAO_BLOQUEANTE,CNPJ_ORIGINAL_103,151,Fantasia: LF Calçados (Gf Gerson Fernandez) / Razão Social: Gerson Jair Peroty Fernandez Ltda (Cnpj 09.148.429/0001-03),09148429000103,09148429,ATIVO_COM_RECONCILIACAO,INCLUIR_COM_PENDENCIA,Buscar primeira parte/redes sociais e confirmar RFB,L08-03,
P3,PENDENCIA_NAO_BLOQUEANTE,CNPJ_ORIGINAL_103,153,Fantasia: Camponesa Sapatu´s / Razão Social: Andreia Machado da Trindade (Cnpj 07.574.946/0002-91),07574946000291,07574946,ATIVO_COM_RECONCILIACAO,INCLUIR_COM_PENDENCIA,Confirmar RFB e definir endereço cadastral vs loja física,L08-05,
P3,PENDENCIA_NAO_BLOQUEANTE,CNPJ_ORIGINAL_103,155,Fantasia: Elite Artigos Militares / Razão Social: Elite Artigos Militares (Cnpj 20.929.450/0002-51),20929450000251,20929450,ATIVO_COM_RECONCILIACAO,INCLUIR_COM_PENDENCIA,Confirmar RFB direta e registrar matriz/filial separadamente,L08-06,
P3,PENDENCIA_NAO_BLOQUEANTE,CNPJ_ORIGINAL_103,157,Fantasia: 7 Povos Tecidos e Decorações / Razão Social: Renato Cesar Prauchner Ltda (Cnpj 62.201.240/0001-01),62201240000101,62201240,ATIVO_COM_RECONCILIACAO,INCLUIR_COM_PENDENCIA,Confirmar RFB direta; manter cluster por CNPJ/raiz,L09-01,
P3,PENDENCIA_NAO_BLOQUEANTE,CNPJ_ORIGINAL_103,159,Fantasia: Minha Loja / Razão Social: Maria Tereza Pires Machado (Cnpj 91.252.635/0001-31),91252635000131,91252635,ATIVO_COM_RECONCILIACAO,INCLUIR_COM_PENDENCIA,Verificar mix atual antes de decidir permanência em BNE,L09-03,
P3,PENDENCIA_NAO_BLOQUEANTE,CNPJ_ORIGINAL_103,172,Fantasia: Lojas Benoit / Razão Social: Benoit Eletrodomesticos Ltda (Cnpj 87.296.026/0148-33),87296026014833,87296026,ATIVO_COM_RECONCILIACAO,INCLUIR_COM_PENDENCIA,Buscar fonte oficial/primeira parte e confirmar RFB,L01-06,
P3,PENDENCIA_NAO_BLOQUEANTE,CNPJ_ORIGINAL_103,182,Fantasia: Veterinária São Francisco / Razão Social: Mário Lúcio Saraiva Gonçalves (Cnpj 01.448.878/0001-57),01448878000157,01448878,ATIVO_COM_RECONCILIACAO,INCLUIR_COM_PENDENCIA,Buscar RFB/base integral de ambos e históricos de endereço,L10-06,
P3,PENDENCIA_NAO_BLOQUEANTE,CNPJ_ORIGINAL_103,184,Fantasia: Mealho Pets / Razão Social: Bruna Regina Mealho (Cnpj 25.225.190/0001-76),25225190000176,25225190,ATIVO_COM_RECONCILIACAO,INCLUIR_COM_PENDENCIA,Buscar primeira parte da marca e confirmar RFB,L10-07,
P3,PENDENCIA_NAO_BLOQUEANTE,CNPJ_ORIGINAL_103,186,Fantasia: Eva Pet Shop / Razão Social: Lenise Cristina Carvalho de Abreu (Cnpj 35.261.575/0001-42),35261575000142,35261575,ATIVO_COM_RECONCILIACAO,INCLUIR_COM_PENDENCIA,Confirmar RFB/base integral e ponto atual,L11-02,
P3,PENDENCIA_NAO_BLOQUEANTE,CNPJ_ORIGINAL_103,191,Fantasia: Casa de Rações Santhiago (Santhiago Shop) / Razão Social: Marcelino Olisan Brum de Oliveira Ltda (Cnpj 63.588.928/0001-59),63588928000159,63588928,ATIVO_COM_RECONCILIACAO,INCLUIR_COM_PENDENCIA,Confirmar primeira parte/nota fiscal e RFB,L11-05,
P3,PENDENCIA_NAO_BLOQUEANTE,CNPJ_ORIGINAL_103,192,Fantasia: Beleza Canina / Razão Social: Tiago Gavião Pereira (Cnpj 12.240.712/0001-67),12240712000167,12240712,ATIVO_COM_RECONCILIACAO,INCLUIR_COM_PENDENCIA,Confirmar RFB e endereço por primeira parte,L11-06,
P3,PENDENCIA_NAO_BLOQUEANTE,CNPJ_ORIGINAL_103,195,Fantasia: João e Maria Pet e Rações / Razão Social: Mariza Matoso Pedebos LTDA (Cnpj 59.205.031/0002-02),59205031000202,59205031,ATIVO_COM_RECONCILIACAO,INCLUIR_COM_PENDENCIA,Confirmar RFB e mapear função/ponto físico de matriz e filial,L12-01,
P3,PENDENCIA_NAO_BLOQUEANTE,CNPJ_ORIGINAL_103,198,Fantasia: Barraca Missões / Razão Social: Gfo Saúde e Nutrição Animal Ltda (Cnpj 92.293.703/0005-05),92293703000505,92293703,ATIVO_COM_RECONCILIACAO,INCLUIR_COM_PENDENCIA,Confirmar RFB e função operacional das duas filiais,L12-05,
P3,PENDENCIA_NAO_BLOQUEANTE,CNPJ_ORIGINAL_103,203,Fantasia: Finger Joias / Razão Social: Micheli Redel Finger (Cnpj 49.552.224/0001-03),49552224000103,49552224,ATIVO_COM_RECONCILIACAO,INCLUIR_COM_PENDENCIA,Buscar primeira parte/redes e confirmar RFB,L13-02,
P3,PENDENCIA_NAO_BLOQUEANTE,CNPJ_ORIGINAL_103,207,Fantasia: Esmeralda Joias / Razão Social: Esmeralda Joias Ltda (Cnpj 26.102.738/0001-53),26102738000153,26102738,ATIVO_COM_RECONCILIACAO,INCLUIR_COM_PENDENCIA,Confirmar RFB e preservar nota de classificação,L13-06,
P3,PENDENCIA_NAO_BLOQUEANTE,CNPJ_ORIGINAL_103,210,Fantasia: Tayne Joias / Razão Social: Tayne Ramos Rodrigues (Cnpj 42.027.991/0001-46),42027991000146,42027991,ATIVO_COM_RECONCILIACAO,INCLUIR_COM_PENDENCIA,Confirmar RFB oficial,L13-09,
P3,PENDENCIA_NAO_BLOQUEANTE,CNPJ_ORIGINAL_103,211,Fantasia: Encanto Semijoias / Razão Social: Cibele Lago Robalo (Cnpj 47.696.043/0001-17),47696043000117,47696043,ATIVO_COM_RECONCILIACAO,INCLUIR_COM_PENDENCIA,Buscar primeira parte/redes da marca e confirmar RFB,L13-10,
P3,PENDENCIA_NAO_BLOQUEANTE,CNPJ_ORIGINAL_103,214,Fantasia: Gaffiti Papelaria e Xerox / Razão Social: Algacir Jose Bertuol (Cnpj 92.691.104/0001-08),92691104000108,92691104,ATIVO_COM_RECONCILIACAO,INCLUIR_COM_PENDENCIA,"Confirmar RFB direta, endereço atual e grafia da marca por primeira parte",L14-01,
P3,PENDENCIA_NAO_BLOQUEANTE,CNPJ_ORIGINAL_103,216,Fantasia: Consermaq / Razão Social: W. Gomes de Oliveira LTDA (Cnpj 89.271.464/0001-46),89271464000146,89271464,ATIVO_COM_RECONCILIACAO,INCLUIR_COM_PENDENCIA,Confirmar RFB e marca operacional corrente,L14-02,
P4,CONFIRMACAO_ROTINA_HISTORICO_SENSIBILIDADE_OU_DECISAO_RESOLVIDA,CNPJ_ORIGINAL_103,98,Fantasia: Camponesa New Fashion / Razão Social: Bortoluzzi e Campos LTDA (Cnpj 94.012.382/0001-17),94012382000117,94012382,ATIVO_COMPATIVEL,INCLUIR_CANDIDATO_BASE,Confirmar RFB oficial,L04-02,
P4,CONFIRMACAO_ROTINA_HISTORICO_SENSIBILIDADE_OU_DECISAO_RESOLVIDA,CNPJ_ORIGINAL_103,99,Fantasia: Dress / Razão Social: Taline Ariel Kubaski - MEI (Cnpj 13.793.236/0001-74),13793236000174,13793236,ATIVO_COMPATIVEL,INCLUIR_CANDIDATO_BASE,Triangular com segunda fonte/primeira parte e confirmar RFB,L04-03,
P4,CONFIRMACAO_ROTINA_HISTORICO_SENSIBILIDADE_OU_DECISAO_RESOLVIDA,CNPJ_ORIGINAL_103,101,Fantasia: Loja It Girls / Razão Social: Manoela Aranda Soares (Cnpj 32.894.094/0001-86),32894094000186,32894094,P0_RESOLVIDO_CNPJ_HISTORICO_BAIXADO,EXCLUIR_CNPJ_HISTORICO_SUBSTITUIDO_MARCA_ATUAL,P0_RESOLVIDO_LOTE19,L04-05,Operador atual Loja It Girls: 35.686.566/0001-01
P4,CONFIRMACAO_ROTINA_HISTORICO_SENSIBILIDADE_OU_DECISAO_RESOLVIDA,CNPJ_ORIGINAL_103,102,Fantasia: L'amour Boutique / Razão Social: Nilda Elisa da Silva Martins (Cnpj 23.124.000/0001-07),23124000000107,23124000,ATIVO_COMPATIVEL,INCLUIR_CANDIDATO_BASE,Confirmar RFB oficial,L04-06,
P4,CONFIRMACAO_ROTINA_HISTORICO_SENSIBILIDADE_OU_DECISAO_RESOLVIDA,CNPJ_ORIGINAL_103,104,Fantasia: Cacio Moda Masculina / Razão Social: Vanessa Javares Miotti Ltda (Cnpj 04.258.324/0001-85),04258324000185,04258324,ATIVO_COMPATIVEL,INCLUIR_CANDIDATO_BASE,Triangular com segunda fonte/primeira parte e confirmar RFB,L04-07,
P4,CONFIRMACAO_ROTINA_HISTORICO_SENSIBILIDADE_OU_DECISAO_RESOLVIDA,CNPJ_ORIGINAL_103,106,Fantasia: Lolita Lingerie / Razão Social: Rogeria Tatiane Machado Loureiro (Cnpj 10.343.219/0002-28) / Filial,10343219000228,10343219,ATIVO_COMPATIVEL,INCLUIR_CANDIDATO_BASE,Confirmar RFB oficial; não recalcular estrutura,L02-01,
P4,CONFIRMACAO_ROTINA_HISTORICO_SENSIBILIDADE_OU_DECISAO_RESOLVIDA,CNPJ_ORIGINAL_103,107,Fantasia: Volupia Moda Intima / Razão Social: Rogeria Tatiane Machado Loureiro (Cnpj 10.343.219/0001-47) / Matriz,10343219000147,10343219,ATIVO_COMPATIVEL,INCLUIR_CANDIDATO_BASE,Confirmar RFB oficial; preservar ambos,L02-02,
P4,CONFIRMACAO_ROTINA_HISTORICO_SENSIBILIDADE_OU_DECISAO_RESOLVIDA,CNPJ_ORIGINAL_103,108,Fantasia: Mega City / Razão Social: Hiad Ahmad AL Jamal (Cnpj 13.956.162/0001-40),13956162000140,13956162,ATIVO_COMPATIVEL,INCLUIR_CANDIDATO_BASE,Confirmar RFB oficial,L15-01,
P4,CONFIRMACAO_ROTINA_HISTORICO_SENSIBILIDADE_OU_DECISAO_RESOLVIDA,CNPJ_ORIGINAL_103,109,Fantasia: Luna Modas / Razão Social: Narieli Sarmento Picinin LTDA (Cnpj 60.167.511/0001-24),60167511000124,60167511,ATIVO_COMPATIVEL,INCLUIR_CANDIDATO_BASE,Confirmar RFB oficial,L15-02,
P4,CONFIRMACAO_ROTINA_HISTORICO_SENSIBILIDADE_OU_DECISAO_RESOLVIDA,CNPJ_ORIGINAL_103,110,Fantasia: Su Store / Razão Social: Leonardo de Souza Storch (Cnpj 45.897.087/0001-80),45897087000180,45897087,ATIVO_COMPATIVEL,INCLUIR_CANDIDATO_BASE,Confirmar RFB e preservar estrutura matriz/filial,L15-03,
P4,CONFIRMACAO_ROTINA_HISTORICO_SENSIBILIDADE_OU_DECISAO_RESOLVIDA,CNPJ_ORIGINAL_103,112,Fantasia: D' Castro Camisaria / Razão Social: (Cnpj 28.064.447/0001-43),28064447000143,28064447,ATIVO_COMPATIVEL,INCLUIR_CANDIDATO_BASE,Confirmar RFB oficial,L05-03,
P4,CONFIRMACAO_ROTINA_HISTORICO_SENSIBILIDADE_OU_DECISAO_RESOLVIDA,CNPJ_ORIGINAL_103,118,Fantasia: Peguei da Vick / Razão Social: L V Comercio e Vestuario LTDA (Cnpj 53.529.949/0001-40),53529949000140,53529949,ATIVO_COMPATIVEL,INCLUIR_CANDIDATO_BASE,Triangular com segunda fonte/primeira parte e confirmar RFB,L05-07,
P4,CONFIRMACAO_ROTINA_HISTORICO_SENSIBILIDADE_OU_DECISAO_RESOLVIDA,CNPJ_ORIGINAL_103,120,Fantasia: Pimentas Boutique Sensual / Razão Social: Jessica Santoro (Cnpj 28.597.654/0001-63),28597654000163,28597654,P0_RESOLVIDO_SEM_EVIDENCIA_ATUAL,EXCLUIR_CENARIO_BASE_MANTER_SENSIBILIDADE,REABRIR_SE_SURGIR_EVIDENCIA_ATUAL,L22-01,Exclusão apenas do cenário-base exploratório; não prova fechamento.
P4,CONFIRMACAO_ROTINA_HISTORICO_SENSIBILIDADE_OU_DECISAO_RESOLVIDA,LINHA_SEM_CNPJ_NAO_RESOLVIDA,125,Loja CHICMI,,,P0_RESOLVIDO_SEM_EVIDENCIA_ATUAL,EXCLUIR_CENARIO_BASE_MANTER_SENSIBILIDADE,REABRIR_SE_SURGIR_EVIDENCIA_ATUAL,L22-02,CHICMI sem identificação/presença atual verificável.
P4,CONFIRMACAO_ROTINA_HISTORICO_SENSIBILIDADE_OU_DECISAO_RESOLVIDA,LINHA_SEM_CNPJ_NAO_RESOLVIDA,126,Loja do Ramada,,,P0_RESOLVIDO_REGISTRO_HISTORICO,EXCLUIR_CENARIO_BASE_REGISTRO_HISTORICO,REABRIR_SE_SURGIR_EVIDENCIA_ATUAL,L22-03,Loja do Ramada preservada como evidência histórica.
P4,CONFIRMACAO_ROTINA_HISTORICO_SENSIBILIDADE_OU_DECISAO_RESOLVIDA,CNPJ_ORIGINAL_103,127,Fantasia: Excêntrica / Razão Social: Rubia Lamana Quoos (Cnpj 18.283.007/0001-23),18283007000123,18283007,P0_RESOLVIDO_PRESENCA_MARCA_CNPJ_HISTORICO_BAIXADO,EXCLUIR_CNPJ_HISTORICO_MANTER_MARCA_ATUAL_P1,P0_RESOLVIDO_LOTE19,,Presença Excêntrica atual confirmada; CNPJ candidato 46.083.011/0001-83 permanece P1
P4,CONFIRMACAO_ROTINA_HISTORICO_SENSIBILIDADE_OU_DECISAO_RESOLVIDA,CNPJ_ORIGINAL_103,133,Fantasia: Dunia Modas / Razão Social: Comercial de Vestuario Dunia Ltda (Cnpj 00.872.980/0001-12),00872980000112,00872980,ATIVO_COMPATIVEL,INCLUIR_CANDIDATO_BASE,Confirmar RFB oficial; preservar canal digital como evidência separada,L06-05,
P4,CONFIRMACAO_ROTINA_HISTORICO_SENSIBILIDADE_OU_DECISAO_RESOLVIDA,CNPJ_ORIGINAL_103,138,Fantasia: Lojas Lebes / Razão Social: Drebes & Cia LTDA (Cnpj 96.662.168/0365-94),96662168036594,96662168,ATIVO_COMPATIVEL,INCLUIR_CANDIDATO_BASE,Confirmar RFB oficial,L01-09,
P4,CONFIRMACAO_ROTINA_HISTORICO_SENSIBILIDADE_OU_DECISAO_RESOLVIDA,CNPJ_ORIGINAL_103,139,Fantasia: Exclusiva Moda Plus / Razão Social: Flavio Lourenco da Silva (Cnpj 45.486.913/0001-06),45486913000106,45486913,ATIVO_COMPATIVEL,INCLUIR_CANDIDATO_BASE,Confirmar RFB oficial e preservar classificação setorial com nota,L07-01,
P4,CONFIRMACAO_ROTINA_HISTORICO_SENSIBILIDADE_OU_DECISAO_RESOLVIDA,CNPJ_ORIGINAL_103,140,Fantasia: Loja Top 20 (Top Store) / Razão Social: Suelen Bastos Rodrigues (Cnpj 34.542.287/0001-01),34542287000101,34542287,P0_RESOLVIDO_CNPJ_HISTORICO_BAIXADO,EXCLUIR_CNPJ_HISTORICO_SUBSTITUIDO_MARCA_ATUAL,P0_RESOLVIDO_LOTE19,L07-02,Operador atual Top 20: 37.106.058/0001-24
P4,CONFIRMACAO_ROTINA_HISTORICO_SENSIBILIDADE_OU_DECISAO_RESOLVIDA,CNPJ_ORIGINAL_103,142,Fantasia: Clean Boutique / Razão Social: Angelica Fonseca Dias e Cia Ltda (Cnpj 33.964.619/0001-75),33964619000175,33964619,ATIVO_COMPATIVEL,INCLUIR_CANDIDATO_BASE,Confirmar RFB oficial,L07-03,
P4,CONFIRMACAO_ROTINA_HISTORICO_SENSIBILIDADE_OU_DECISAO_RESOLVIDA,CNPJ_ORIGINAL_103,143,Fantasia: Lucky Store / Razão Social: Zuhdi & Cia Ltda (Cnpj 17.434.253/0001-76),17434253000176,17434253,ATIVO_COMPATIVEL,INCLUIR_CANDIDATO_BASE,Triangular com segunda fonte/primeira parte e confirmar RFB,L07-04,
P4,CONFIRMACAO_ROTINA_HISTORICO_SENSIBILIDADE_OU_DECISAO_RESOLVIDA,CNPJ_ORIGINAL_103,145,Fantasia: Oka Tia Sinha / Razão Social: Renata Andres (Cnpj 94.175.528/0001-45),94175528000145,94175528,ATIVO_COMPATIVEL,INCLUIR_CANDIDATO_BASE,Confirmar RFB oficial,L07-06,
P4,CONFIRMACAO_ROTINA_HISTORICO_SENSIBILIDADE_OU_DECISAO_RESOLVIDA,CNPJ_ORIGINAL_103,146,Fantasia: Cia do Uniforme / Razão Social: M da Cruz Oliveira Uniformes (Cnpj 41.726.814/0001-95),41726814000195,41726814,ATIVO_COMPATIVEL_P0_RESOLVIDO,INCLUIR_CANDIDATO_BASE,P0_RESOLVIDO_LOTE19,L07-07,Status ativo confirmado por fonte cadastral; confirmação RFB direta é rotina
P4,CONFIRMACAO_ROTINA_HISTORICO_SENSIBILIDADE_OU_DECISAO_RESOLVIDA,CNPJ_ORIGINAL_103,152,Fantasia: Menta Pimenta Calçados / Razão Social: Menta Pimenta Calçados Ltda (Cnpj 18.627.385/0001-87),18627385000187,18627385,ATIVO_COMPATIVEL_P0_RESOLVIDO,INCLUIR_CANDIDATO_BASE,P0_RESOLVIDO_LOTE19,L08-04,Status ativo confirmado por fontes convergentes
P4,CONFIRMACAO_ROTINA_HISTORICO_SENSIBILIDADE_OU_DECISAO_RESOLVIDA,LINHA_SEM_CNPJ_NAO_RESOLVIDA,154,Akazzo,,,P0_RESOLVIDO_SEM_EVIDENCIA_ATUAL,EXCLUIR_CENARIO_BASE_MANTER_SENSIBILIDADE,REABRIR_SE_SURGIR_EVIDENCIA_ATUAL,L22-04,Akazzo sem evidência local atual verificável.
P4,CONFIRMACAO_ROTINA_HISTORICO_SENSIBILIDADE_OU_DECISAO_RESOLVIDA,CNPJ_ORIGINAL_103,156,Fantasia: Rilu Armarinhos e Presentes / Razão Social: Teresinha Socoloski (Cnpj 90.859.091/0001-08),90859091000108,90859091,P0_RESOLVIDO_CNPJ_HISTORICO_BAIXADO,EXCLUIR_CNPJ_HISTORICO_CONTINUIDADE_RILU_P1,P0_RESOLVIDO_LOTE19,,Rilu Tecidos 00.664.113/0001-91 permanece em P1 para equivalência operacional
P4,CONFIRMACAO_ROTINA_HISTORICO_SENSIBILIDADE_OU_DECISAO_RESOLVIDA,CNPJ_ORIGINAL_103,158,Fantasia: Rei das Capas / Razão Social: Pintamos Comercio de Celulares e Acessorios Ltda (Cnpj 33.544.751/0001-28),33544751000128,33544751,ATIVO_COMPATIVEL,INCLUIR_CANDIDATO_BASE,Confirmar RFB e preservar matriz/filiais,L09-02,
P4,CONFIRMACAO_ROTINA_HISTORICO_SENSIBILIDADE_OU_DECISAO_RESOLVIDA,CNPJ_EXTERNO_AOS_103,160,Amei Presentes Criativos,30650368000166,30650368,HISTORICO_MARCA_BAIXADO,HISTORICO_NAO_INCLUIR_COMO_ATIVO,CNPJ_BAIXADO,L18-03,Registrar 30650368000166 como histórico e 66405682000120 como sucessor candidato; não preencher corrente canônico ainda
P4,CONFIRMACAO_ROTINA_HISTORICO_SENSIBILIDADE_OU_DECISAO_RESOLVIDA,CNPJ_ORIGINAL_103,162,Fantasia: Encanto Decor / Razão Social: Nathieli Cipolat Cervo (Cnpj 51.758.623/0001-69),51758623000169,51758623,ATIVO_COMPATIVEL,INCLUIR_CANDIDATO_BASE,Confirmar RFB e presença operacional/endereço comercial,L09-04,
P4,CONFIRMACAO_ROTINA_HISTORICO_SENSIBILIDADE_OU_DECISAO_RESOLVIDA,CNPJ_ORIGINAL_103,163,Fantasia: Loja Maconica Luz Invisivel / Razão Social: Loja Maconica Luz Invisivel (Cnpj 08.862.640/0001-12),08862640000112,08862640,P0_RESOLVIDO_FORA_ESCOPO_VAREJISTA,EXCLUIR_DO_ESCOPO_BNE_COMERCIAL,P0_RESOLVIDO_LOTE19,L09-05,"Associação privada, CNAE associativo, sem varejo identificado"
P4,CONFIRMACAO_ROTINA_HISTORICO_SENSIBILIDADE_OU_DECISAO_RESOLVIDA,CNPJ_ORIGINAL_103,164,Fantasia: Bellacasa / Razão Social: Theodoro Moraes Machado (Cnpj 23.423.360/0001-00),23423360000100,23423360,ATIVO_COMPATIVEL,INCLUIR_CANDIDATO_BASE,Buscar RFB/base integral e presença operacional atual,L09-06,
P4,CONFIRMACAO_ROTINA_HISTORICO_SENSIBILIDADE_OU_DECISAO_RESOLVIDA,CNPJ_ORIGINAL_103,165,Fantasia: Lojas P & S / Razão Social: Lojas P & S Ltda. (Cnpj 90.072.059/0009-35),90072059000935,90072059,ATIVO_COMPATIVEL,INCLUIR_CANDIDATO_BASE,Confirmar RFB oficial quando houver rota,L03-06,
P4,CONFIRMACAO_ROTINA_HISTORICO_SENSIBILIDADE_OU_DECISAO_RESOLVIDA,CNPJ_ORIGINAL_103,166,Fantasia: Magazine Luiza / Razão Social: Magazine Luiza S/a (Cnpj 47.960.950/1304-16),47960950130416,47960950,ATIVO_COMPATIVEL,INCLUIR_CANDIDATO_BASE,Confirmar RFB oficial; manter no universo documental enquanto isso,L01-03,
P4,CONFIRMACAO_ROTINA_HISTORICO_SENSIBILIDADE_OU_DECISAO_RESOLVIDA,CNPJ_ORIGINAL_103,167,Fantasia: Iluminar Materiais Eletricos e Ferragens / Razão Social: Lopes & Gruendemann Comercio de Materiais Eletricos LTDA (Cnpj 09.674.510/0001-19),09674510000119,09674510,ATIVO_COMPATIVEL,INCLUIR_CANDIDATO_BASE,Confirmar situação na RFB oficial,L10-01,
P4,CONFIRMACAO_ROTINA_HISTORICO_SENSIBILIDADE_OU_DECISAO_RESOLVIDA,CNPJ_ORIGINAL_103,170,Fantasia: Lojas Colombo / Razão Social: Lojas Colombo Sa Comercio De Utilidades Domesticas (Cnpj 89.848.543/0145-50),89848543014550,89848543,ATIVO_COMPATIVEL,INCLUIR_CANDIDATO_BASE,Confirmar RFB oficial,L01-04,
P4,CONFIRMACAO_ROTINA_HISTORICO_SENSIBILIDADE_OU_DECISAO_RESOLVIDA,CNPJ_ORIGINAL_103,171,Fantasia: Lojas Deltasul / Razão Social: Deltasul Utilidades Ltda (Cnpj 98102924013939),98102924013939,98102924,ATIVO_COMPATIVEL,INCLUIR_CANDIDATO_BASE,Confirmar RFB oficial,L01-05,
P4,CONFIRMACAO_ROTINA_HISTORICO_SENSIBILIDADE_OU_DECISAO_RESOLVIDA,CNPJ_ORIGINAL_103,173,Fantasia: Lojas Becker / Razão Social: Lojas Becker Ltda (Cnpj 04.415.928/0043-47),04415928004347,04415928,ATIVO_COMPATIVEL,INCLUIR_CANDIDATO_BASE,Confirmar RFB oficial; preservar relação com /0216-08 sem recalcular estrutura,L01-07,
P4,CONFIRMACAO_ROTINA_HISTORICO_SENSIBILIDADE_OU_DECISAO_RESOLVIDA,CNPJ_ORIGINAL_103,174,Fantasia: Lojas Becker / Razão Social: Lojas Becker Ltda (Cnpj 04.415.928/0216-08),04415928021608,04415928,ATIVO_COMPATIVEL,INCLUIR_CANDIDATO_BASE,Confirmar RFB oficial; não recalcular proporção multiunidade ainda,L01-08,
P4,CONFIRMACAO_ROTINA_HISTORICO_SENSIBILIDADE_OU_DECISAO_RESOLVIDA,CNPJ_ORIGINAL_103,175,Fantasia: Lojas Americanas / Razão Social: Lojas Americanas S.a. (Cnpj 33.014.556/1900-33),33014556190033,33014556,P0_RESOLVIDO_CNPJ_HISTORICO_BAIXADO,EXCLUIR_CNPJ_HISTORICO_SUBSTITUIDO_OPERACAO_ATUAL,P0_RESOLVIDO_LOTE19,L01-02,Operação corrente Americanas: 00.776.574/1709-06
P4,CONFIRMACAO_ROTINA_HISTORICO_SENSIBILIDADE_OU_DECISAO_RESOLVIDA,CNPJ_ORIGINAL_103,176,Fantasia: Brasil Free Shop / Razão Social: Brasil Free Shop Comercio Varejista de Mercadorias Ltda (Cnpj 32.195.385/0006-90),32195385000690,32195385,ATIVO_COMPATIVEL,INCLUIR_CANDIDATO_BASE,Preservar como evidência forte e confirmar cadastro RFB direto,L03-07,
P4,CONFIRMACAO_ROTINA_HISTORICO_SENSIBILIDADE_OU_DECISAO_RESOLVIDA,CNPJ_ORIGINAL_103,178,Fantasia: Comercial Loss / Razão Social: Laura Anklam de Lima (Cnpj 26.003.402/0001-33),26003402000133,26003402,ATIVO_COMPATIVEL,INCLUIR_CANDIDATO_BASE,Confirmar RFB oficial,L10-02,
P4,CONFIRMACAO_ROTINA_HISTORICO_SENSIBILIDADE_OU_DECISAO_RESOLVIDA,CNPJ_ORIGINAL_103,179,Fantasia: Modular Moveis / Razão Social: Luiz Claudio Costa Pires (Cnpj 08.717.165/0001-90),08717165000190,08717165,ATIVO_COMPATIVEL,INCLUIR_CANDIDATO_BASE,Confirmar RFB oficial,L10-03,
P4,CONFIRMACAO_ROTINA_HISTORICO_SENSIBILIDADE_OU_DECISAO_RESOLVIDA,CNPJ_ORIGINAL_103,180,Fantasia: Happy Pets / Razão Social: Isabelle Victoria Feltrin Ltda (Cnpj 41.860.517/0001-38),41860517000138,41860517,ATIVO_COMPATIVEL,INCLUIR_CANDIDATO_BASE,Triangular com fonte operacional e confirmar RFB,L10-04,
P4,CONFIRMACAO_ROTINA_HISTORICO_SENSIBILIDADE_OU_DECISAO_RESOLVIDA,CNPJ_ORIGINAL_103,181,Fantasia: 4 Patas / Razão Social: 4 Patas Pet Ltda. (Cnpj 19.689.111/0001-85),19689111000185,19689111,ATIVO_COMPATIVEL,INCLUIR_CANDIDATO_BASE,Confirmar RFB oficial e preservar contrato como evidência,L10-05,
P4,CONFIRMACAO_ROTINA_HISTORICO_SENSIBILIDADE_OU_DECISAO_RESOLVIDA,CNPJ_ORIGINAL_103,183,Fantasia: Companhia dos Bichos / Razão Social: Daniela Pitrovski Dornelles (Cnpj 07.195.827/0001-47),07195827000147,07195827,ATIVO_COMPATIVEL,INCLUIR_CANDIDATO_BASE,Confirmar RFB oficial; não recalcular estrutura,L02-09,
P4,CONFIRMACAO_ROTINA_HISTORICO_SENSIBILIDADE_OU_DECISAO_RESOLVIDA,CNPJ_ORIGINAL_103,185,Fantasia: Steelpet / Razão Social: Lawrence Lima Lul (Cnpj 46.746.201/0001-33),46746201000133,46746201,ATIVO_COMPATIVEL,INCLUIR_CANDIDATO_BASE,Confirmar RFB oficial,L11-01,
P4,CONFIRMACAO_ROTINA_HISTORICO_SENSIBILIDADE_OU_DECISAO_RESOLVIDA,CNPJ_ORIGINAL_103,187,Fantasia: Cia dos Bichos (Aquarium) / Razão Social: Daniela Pitrovski Dornelles (Cnpj 07.195.827/0002-28) / Filial,07195827000228,07195827,ATIVO_COMPATIVEL,INCLUIR_CANDIDATO_BASE,Confirmar RFB e presença operacional atual,L02-10,
P4,CONFIRMACAO_ROTINA_HISTORICO_SENSIBILIDADE_OU_DECISAO_RESOLVIDA,CNPJ_ORIGINAL_103,193,Fantasia: Pet Chacha / Razão Social: Ceres Denise Neu Mendes (Cnpj 49.906.505/0001-09),49906505000109,49906505,ATIVO_COMPATIVEL,INCLUIR_CANDIDATO_BASE,Confirmar RFB oficial,L11-07,
P4,CONFIRMACAO_ROTINA_HISTORICO_SENSIBILIDADE_OU_DECISAO_RESOLVIDA,CNPJ_ORIGINAL_103,194,Fantasia: Rei Pet Rações e Acessórios / Razão Social: Julia Regina Penteado Cado (Cnpj 37.709.731/0001-10),37709731000110,37709731,ATIVO_COMPATIVEL,INCLUIR_CANDIDATO_BASE,Confirmar RFB oficial,L11-08,
P4,CONFIRMACAO_ROTINA_HISTORICO_SENSIBILIDADE_OU_DECISAO_RESOLVIDA,CNPJ_ORIGINAL_103,196,Fantasia: Animed / Razão Social: Ana Carolina V. de Jesus & Cia Ltda. (Cnpj 32.010.824/0001-39),32010824000139,32010824,ATIVO_COMPATIVEL,INCLUIR_CANDIDATO_BASE,"Confirmar RFB e, se necessário, licença atual",L12-03,
P4,CONFIRMACAO_ROTINA_HISTORICO_SENSIBILIDADE_OU_DECISAO_RESOLVIDA,CNPJ_ORIGINAL_103,199,Fantasia: Máximo Agropecuária / Razão Social: Lair da Silva (Cnpj 58.600.410/0001-53),58600410000153,58600410,ATIVO_COMPATIVEL,INCLUIR_CANDIDATO_BASE,Triangular com fonte operacional e confirmar RFB,L12-07,
P4,CONFIRMACAO_ROTINA_HISTORICO_SENSIBILIDADE_OU_DECISAO_RESOLVIDA,CNPJ_ORIGINAL_103,201,Fantasia: Agropecuária Centauro / Razão Social: Valdecir L. de Assunção (Cnpj 29.263.180/0001-86),29263180000186,29263180,ATIVO_COMPATIVEL,INCLUIR_CANDIDATO_BASE,Confirmar RFB oficial,L12-09,
P4,CONFIRMACAO_ROTINA_HISTORICO_SENSIBILIDADE_OU_DECISAO_RESOLVIDA,CNPJ_ORIGINAL_103,202,Fantasia: Joalheria e Ótica Diamante Saoborjense / Razão Social: Joalheria e Òtica Diamante Saoborjense Ltda (Cnpj 90.241.498/0001-77),90241498000177,90241498,ATIVO_COMPATIVEL,INCLUIR_CANDIDATO_BASE,Confirmar RFB oficial,L13-01,
P4,CONFIRMACAO_ROTINA_HISTORICO_SENSIBILIDADE_OU_DECISAO_RESOLVIDA,CNPJ_ORIGINAL_103,204,Fantasia: Joalheria e Òptica Elegance / Razão Social: Edelar Kener Joalheria (Cnpj ) 31.153.867/0001-00,31153867000100,31153867,ATIVO_COMPATIVEL,INCLUIR_CANDIDATO_BASE,Confirmar RFB oficial,L13-03,
P4,CONFIRMACAO_ROTINA_HISTORICO_SENSIBILIDADE_OU_DECISAO_RESOLVIDA,CNPJ_ORIGINAL_103,205,Fantasia: J Martins Joalheiros / Razão Social: J Martins Joalheiros Ltda (Cnpj 92.274.166/0001-14),92274166000114,92274166,ATIVO_COMPATIVEL,INCLUIR_CANDIDATO_BASE,Confirmar RFB oficial,L13-04,
P4,CONFIRMACAO_ROTINA_HISTORICO_SENSIBILIDADE_OU_DECISAO_RESOLVIDA,CNPJ_ORIGINAL_103,206,Fantasia: Joias El Shadday / Razão Social: Luis Eduardo Dalcul Gusmão (Cnpj 27.792.396/0001-03),27792396000103,27792396,ATIVO_COMPATIVEL,INCLUIR_CANDIDATO_BASE,Triangular com segunda fonte/primeira parte e confirmar RFB,L13-05,
P4,CONFIRMACAO_ROTINA_HISTORICO_SENSIBILIDADE_OU_DECISAO_RESOLVIDA,CNPJ_ORIGINAL_103,208,Fantasia: Lela Joias / Razão Social: Karlize Rizzatti (Cnpj 41.391.545/0001-53),41391545000153,41391545,ATIVO_COMPATIVEL,INCLUIR_CANDIDATO_BASE,Confirmar RFB oficial,L13-07,
P4,CONFIRMACAO_ROTINA_HISTORICO_SENSIBILIDADE_OU_DECISAO_RESOLVIDA,CNPJ_ORIGINAL_103,209,Fantasia: Óptica Moca / Razão Social: E. Matoso Brittes & Cia Ltda (Cnpj 19.326.443/0001-03),19326443000103,19326443,ATIVO_COMPATIVEL,INCLUIR_CANDIDATO_BASE,Confirmar RFB oficial,L13-08,
P4,CONFIRMACAO_ROTINA_HISTORICO_SENSIBILIDADE_OU_DECISAO_RESOLVIDA,CNPJ_EXTERNO_AOS_103,ADICIONAL_RAIZ_92012467,Tottal Casa & Lazer / Grazziotin S A,92012467009479,92012467,P1_RESOLVIDO_STOREFRONT_DISTINTO_RAIZ,INCLUIR_STOREFRONT_DISTINTO,CONFIRMACAO_RFB_ROTINA,L23-03,Storefront distinto da raiz Grazziotin.
P4,CONFIRMACAO_ROTINA_HISTORICO_SENSIBILIDADE_OU_DECISAO_RESOLVIDA,CNPJ_EXTERNO_AOS_103,ADICIONAL_RAIZ_92012467,Por Menos / Grazziotin S A,92012467012186,92012467,P1_RESOLVIDO_STOREFRONT_DISTINTO_RAIZ,INCLUIR_STOREFRONT_DISTINTO,CONFIRMACAO_RFB_ROTINA,L23-04,Storefront distinto; não deduplicar com /0451-90.
P4,CONFIRMACAO_ROTINA_HISTORICO_SENSIBILIDADE_OU_DECISAO_RESOLVIDA,CNPJ_EXTERNO_AOS_103,ADICIONAL_RAIZ_92012467,Tech Box / Grazziotin S A,92012467026560,92012467,P1_RESOLVIDO_STOREFRONT_DISTINTO_RAIZ,INCLUIR_STOREFRONT_DISTINTO,CONFIRMACAO_RFB_ROTINA,L23-05,Storefront distinto; preservar subcategoria óptica.
P4,CONFIRMACAO_ROTINA_HISTORICO_SENSIBILIDADE_OU_DECISAO_RESOLVIDA,CNPJ_EXTERNO_AOS_103,ADICIONAL_RAIZ_92012467,Pormenos / Grazziotin S A,92012467045190,92012467,P1_RESOLVIDO_STOREFRONT_DISTINTO_RAIZ,INCLUIR_STOREFRONT_DISTINTO,CONFIRMACAO_RFB_ROTINA,L23-06,Storefront distinto; não deduplicar com /0121-86.
P4,CONFIRMACAO_ROTINA_HISTORICO_SENSIBILIDADE_OU_DECISAO_RESOLVIDA,CNPJ_ORIGINAL_103,97,Fantasia: Mb Lojas / Razão Social: Fernandez Comercio de Medicamentos S.a. (Cnpj 93.641.710/0003-43),93641710000343,93641710,P0_RESOLVIDO_CNPJ_HISTORICO_BAIXADO,EXCLUIR_CNPJ_HISTORICO_SUBSTITUIDO_MARCA_ATUAL,P0_RESOLVIDO_LOTE19,L04-01,Operador atual MB Lojas: 43.839.616/0001-63
P4,CONFIRMACAO_ROTINA_HISTORICO_SENSIBILIDADE_OU_DECISAO_RESOLVIDA,CNPJ_EXTERNO_AOS_103,168-169,Lojas Quero-Quero,96418264002859,96418264,P1_RESOLVIDO_STOREFRONT_DISTINTO_CORRECAO_DUPLICIDADE,INCLUIR_STOREFRONT_CORRIGIR_DUPLICIDADE,CONFIRMACAO_RFB_ROTINA,L23-01,Substituir uma ocorrência duplicada de /0357-81 por /0028-59; unidade distinta.
P4,CONFIRMACAO_ROTINA_HISTORICO_SENSIBILIDADE_OU_DECISAO_RESOLVIDA,CNPJ_EXTERNO_AOS_103,ADICIONAL_RAIZ_96418264,Lojas Quero-Quero,96418264053330,96418264,P1_RESOLVIDO_UNIDADE_JURIDICA_NAO_STOREFRONT_BASE,NAO_CONTAR_STOREFRONT_BASE_MANTER_SENSIBILIDADE,FUNCAO_FISICA_REABRIVEL_SE_NOVA_EVIDENCIA,L23-02,Preservar unidade jurídica da raiz; não acrescentar loja no cenário-base.
P4,CONFIRMACAO_ROTINA_HISTORICO_SENSIBILIDADE_OU_DECISAO_RESOLVIDA,CNPJ_ORIGINAL_103,212,Fantasia: Joalheria Brilhante / Razão Social: Joalheria Brilhante Ltda (Cnpj 96.491.683/0001-04),96491683000104,96491683,ATIVO_COMPATIVEL,INCLUIR_CANDIDATO_BASE,Confirmar RFB oficial,L13-11,
