etapa,pergunta,indicador_preferencial,evidencia_sao_borja_corrente,natureza,principal_lacuna,regra_metodologica
0_entrada_exogena,"Que recursos entram no território de fora?","Fluxos externos por fonte sem dupla contagem","Transferências municipais 2025 R$295,355 mi; folha pública não municipal documentada jul/2026 R$9,552 mi/mês; INSS jul/2026 R$24,535 mi; NBF jul/2026 R$1,514 mi; Comex jan-ago/2026 por domicílio fiscal","OBSERVADO/CALCULADO SOBRE BASES OFICIAIS","Integração sem sobreposição; visitantes; remessas privadas; investimento externo","Não somar bases com universos/períodos sobrepostos"
1_geracao_valor,"Quanto valor é gerado no território?","VAB por circuito","2021: agro R$795,875 mi; comércio+serviços privados R$928,203 mi; administração pública R$351,229 mi","DADO OBSERVADO","Atualização temporal e maior desagregação setorial","VAB não é faturamento nem renda disponível"
2_cadeia_produtiva,"Quanto da produção depende de fornecedores externos?","Compras locais / compras totais por cadeia","Conab Uruguaiana 2025/26: núcleo territorialmente exposto 55,94% do custo; MIP-RS×Conab: conteúdo fora do RS parcial 10,01% do custo nas linhas mapeadas","BENCHMARK REGIONAL / CÁLCULO","Origem municipal dos fornecedores B2B","Não subtrair consumo intermediário novamente do VAB"
3_apropriacao_primaria,"Quem recebe o VAB gerado?","Remunerações/VAB; EOB+RM/VAB; residência/propriedade","TRU-RS 2019 benchmark: remunerações/VAB agro 12,75%; terciário privado amplo 40,48%; público 89,53%","BENCHMARK ESTADUAL","Residência dos trabalhadores/proprietários; lucros/dividendos; juros; rendas da terra","EOB+RM não é sinônimo de vazamento"
4_renda_residente,"Quanto chega aos residentes como renda corrente?","Renda domiciliar pc média/mediana; folhas; benefícios","Censo 2022 mediana pc R$1.100; média pc R$1.568,58; RAIS e folhas públicas; INSS/NBF","DADO OBSERVADO/CALCULADO","Renda disponível integrada por domicílio sem sobreposição","Salário médio agregado não mede renda domiciliar nem retenção"
5_gasto_local,"Quanto da renda é gasto em São Borja?","Gasto local / gasto total por categoria","Não observado diretamente; BCB internet 28,1% do crédito Brasil 4T2025 apenas benchmark de canal","LACUNA / BENCHMARK NACIONAL","Pesquisa de gasto por destino/canal; dados POS/CRM/arranjos de pagamento","Não usar REGIC, internet nacional ou matriz externa como share local"
6_recirculacao_empresarial,"Quanto do faturamento local volta a fornecedores e trabalhadores locais?","Folha local + compras locais + serviços locais / dispêndios observáveis","Varejo e serviços têm grande emprego local; agroindústria de arroz e manutenção de máquinas comprovam elos locais","EVIDÊNCIA PARCIAL","Compras empresariais por fornecedor/geografia; margens; reinvestimento","Coexistência de firmas não prova encadeamento"
7_saida_vazamento,"Por quais canais o recurso deixa o território?","Pagamentos a fornecedores externos; gasto extralocal/digital; rendas a proprietários externos; serviço financeiro","Footprint externo do varejo; benchmark MIP/Conab; rota SIAPC/TCE em extração","HIPÓTESE PARCIALMENTE SUSTENTADA","Pagamentos públicos por credor; B2B; destino do consumo; propriedade","Fornecedor externo ≠ 100% vazamento; fornecedor local ≠ 100% retenção"
8_resultado_territorial,"Que efeitos persistentes aparecem no mercado e na população?","Renda, emprego, estoque empresarial, migração, população, profundidade de nichos","População 2010-2022 -1.995; saldo migratório residual -4.780 a -5.001; renda concentrada em faixas baixas/moderadas","OBSERVADO/ESTIMADO","Mecanismo causal e perfil dos migrantes","Não atribuir migração à retenção econômica sem evidência causal"
