cnae,descricao_cnae,sinac_count,sinac_share_foodservice_pct,simei_count,simei_share_foodservice_pct,simei_sinac_pct,grupo_cnae,position_date,geografia,natureza,fonte,limitacao
5611201,Restaurantes e similares,65,13.05,26,6.88,40,5611,12/09/2026,São Borja/RS,DADO_CALCULADO_SOBRE_TOTAIS_OFICIAIS,Receita Federal — Estatísticas do Simples Nacional + CNAE/CONCLA,"Optantes por CNAE; não equivalem a estabelecimentos ativos, faturamento ou market share."
5611203,"Lanchonetes, casas de chá, de sucos e similares",161,32.33,107,28.31,66.46,5611,12/09/2026,São Borja/RS,DADO_CALCULADO_SOBRE_TOTAIS_OFICIAIS,Receita Federal — Estatísticas do Simples Nacional + CNAE/CONCLA,"Optantes por CNAE; não equivalem a estabelecimentos ativos, faturamento ou market share."
5611204,"Bares e outros estabelecimentos especializados em servir bebidas, sem entretenimento",37,7.43,31,8.2,83.78,5611,12/09/2026,São Borja/RS,DADO_CALCULADO_SOBRE_TOTAIS_OFICIAIS,Receita Federal — Estatísticas do Simples Nacional + CNAE/CONCLA,"Optantes por CNAE; não equivalem a estabelecimentos ativos, faturamento ou market share."
5611205,"Bares e outros estabelecimentos especializados em servir bebidas, com entretenimento",18,3.61,15,3.97,83.33,5611,12/09/2026,São Borja/RS,DADO_CALCULADO_SOBRE_TOTAIS_OFICIAIS,Receita Federal — Estatísticas do Simples Nacional + CNAE/CONCLA,"Optantes por CNAE; não equivalem a estabelecimentos ativos, faturamento ou market share."
5612100,Serviços ambulantes de alimentação,62,12.45,59,15.61,95.16,5612,12/09/2026,São Borja/RS,DADO_CALCULADO_SOBRE_TOTAIS_OFICIAIS,Receita Federal — Estatísticas do Simples Nacional + CNAE/CONCLA,"Optantes por CNAE; não equivalem a estabelecimentos ativos, faturamento ou market share."
5620101,Fornecimento de alimentos preparados preponderantemente para empresas,18,3.61,15,3.97,83.33,5620,12/09/2026,São Borja/RS,DADO_CALCULADO_SOBRE_TOTAIS_OFICIAIS,Receita Federal — Estatísticas do Simples Nacional + CNAE/CONCLA,"Optantes por CNAE; não equivalem a estabelecimentos ativos, faturamento ou market share."
5620102,Serviços de alimentação para eventos e recepções - bufê,13,2.61,13,3.44,100,5620,12/09/2026,São Borja/RS,DADO_CALCULADO_SOBRE_TOTAIS_OFICIAIS,Receita Federal — Estatísticas do Simples Nacional + CNAE/CONCLA,"Optantes por CNAE; não equivalem a estabelecimentos ativos, faturamento ou market share."
5620103,Cantinas - serviços de alimentação privativos,3,0.6,2,0.53,66.67,5620,12/09/2026,São Borja/RS,DADO_CALCULADO_SOBRE_TOTAIS_OFICIAIS,Receita Federal — Estatísticas do Simples Nacional + CNAE/CONCLA,"Optantes por CNAE; não equivalem a estabelecimentos ativos, faturamento ou market share."
5620104,Fornecimento de alimentos preparados preponderantemente para consumo domiciliar,121,24.3,110,29.1,90.91,5620,12/09/2026,São Borja/RS,DADO_CALCULADO_SOBRE_TOTAIS_OFICIAIS,Receita Federal — Estatísticas do Simples Nacional + CNAE/CONCLA,"Optantes por CNAE; não equivalem a estabelecimentos ativos, faturamento ou market share."
